Match ID,Innings Number,Batting Team,Over,Ball Number,Batter,Non Striker,Bowler,Batter Runs,Extras Runs,Total Runs,Wides
335985,1,Mumbai Indians,0,1,L Ronchi,ST Jayasuriya,P Kumar,0,0,0,0
335985,1,Mumbai Indians,0,2,L Ronchi,ST Jayasuriya,P Kumar,4,0,4,0
335985,1,Mumbai Indians,0,3,L Ronchi,ST Jayasuriya,P Kumar,0,0,0,0
335985,1,Mumbai Indians,0,4,L Ronchi,ST Jayasuriya,P Kumar,0,0,0,0
335985,1,Mumbai Indians,0,5,L Ronchi,ST Jayasuriya,P Kumar,4,0,4,0
335985,1,Mumbai Indians,0,6,L Ronchi,ST Jayasuriya,P Kumar,0,0,0,0
335985,1,Mumbai Indians,1,1,ST Jayasuriya,L Ronchi,Z Khan,1,0,1,0
335985,1,Mumbai Indians,1,2,L Ronchi,ST Jayasuriya,Z Khan,0,0,0,0
335985,1,Mumbai Indians,1,3,L Ronchi,ST Jayasuriya,Z Khan,0,0,0,0
335985,1,Mumbai Indians,1,4,L Ronchi,ST Jayasuriya,Z Khan,0,0,0,0
335985,1,Mumbai Indians,1,5,L Ronchi,ST Jayasuriya,Z Khan,0,0,0,0
335985,1,Mumbai Indians,1,6,DJ Thornely,ST Jayasuriya,Z Khan,0,4,4,0
335985,1,Mumbai Indians,2,1,ST Jayasuriya,DJ Thornely,P Kumar,0,0,0,0
335985,1,Mumbai Indians,2,2,ST Jayasuriya,DJ Thornely,P Kumar,4,0,4,0
335985,1,Mumbai Indians,2,3,ST Jayasuriya,DJ Thornely,P Kumar,0,0,0,0
335985,1,Mumbai Indians,2,4,ST Jayasuriya,DJ Thornely,P Kumar,1,0,1,0
335985,1,Mumbai Indians,2,5,DJ Thornely,ST Jayasuriya,P Kumar,0,0,0,0
335985,1,Mumbai Indians,2,6,DJ Thornely,ST Jayasuriya,P Kumar,0,1,1,1
335985,1,Mumbai Indians,2,6,DJ Thornely,ST Jayasuriya,P Kumar,0,0,0,0
335985,1,Mumbai Indians,3,1,ST Jayasuriya,DJ Thornely,Z Khan,0,0,0,0
335985,1,Mumbai Indians,3,2,ST Jayasuriya,DJ Thornely,Z Khan,1,0,1,0
335985,1,Mumbai Indians,3,3,DJ Thornely,ST Jayasuriya,Z Khan,0,0,0,0
335985,1,Mumbai Indians,3,4,DJ Thornely,ST Jayasuriya,Z Khan,0,0,0,0
335985,1,Mumbai Indians,3,5,RV Uthappa,ST Jayasuriya,Z Khan,2,0,2,0
335985,1,Mumbai Indians,3,6,RV Uthappa,ST Jayasuriya,Z Khan,0,0,0,0
335985,1,Mumbai Indians,4,1,ST Jayasuriya,RV Uthappa,JH Kallis,0,1,1,1
335985,1,Mumbai Indians,4,1,ST Jayasuriya,RV Uthappa,JH Kallis,4,0,4,0
335985,1,Mumbai Indians,4,2,ST Jayasuriya,RV Uthappa,JH Kallis,4,0,4,0
335985,1,Mumbai Indians,4,3,ST Jayasuriya,RV Uthappa,JH Kallis,0,0,0,0
335985,1,Mumbai Indians,4,4,ST Jayasuriya,RV Uthappa,JH Kallis,4,0,4,0
335985,1,Mumbai Indians,4,5,ST Jayasuriya,RV Uthappa,JH Kallis,0,0,0,0
335985,1,Mumbai Indians,4,6,ST Jayasuriya,RV Uthappa,JH Kallis,6,0,6,0
335985,1,Mumbai Indians,5,1,RV Uthappa,ST Jayasuriya,Z Khan,1,0,1,0
335985,1,Mumbai Indians,5,2,ST Jayasuriya,RV Uthappa,Z Khan,4,0,4,0
335985,1,Mumbai Indians,5,3,ST Jayasuriya,RV Uthappa,Z Khan,0,0,0,0
335985,1,Mumbai Indians,5,4,ST Jayasuriya,RV Uthappa,Z Khan,0,0,0,0
335985,1,Mumbai Indians,5,5,RV Uthappa,PR Shah,Z Khan,1,0,1,0
335985,1,Mumbai Indians,5,6,PR Shah,RV Uthappa,Z Khan,0,0,0,0
335985,1,Mumbai Indians,6,1,RV Uthappa,PR Shah,R Vinay Kumar,1,0,1,0
335985,1,Mumbai Indians,6,2,PR Shah,RV Uthappa,R Vinay Kumar,0,0,0,0
335985,1,Mumbai Indians,6,3,PR Shah,RV Uthappa,R Vinay Kumar,1,0,1,0
335985,1,Mumbai Indians,6,4,RV Uthappa,PR Shah,R Vinay Kumar,4,0,4,0
335985,1,Mumbai Indians,6,5,RV Uthappa,PR Shah,R Vinay Kumar,1,0,1,0
335985,1,Mumbai Indians,6,6,PR Shah,RV Uthappa,R Vinay Kumar,0,0,0,0
335985,1,Mumbai Indians,7,1,RV Uthappa,PR Shah,B Akhil,0,0,0,0
335985,1,Mumbai Indians,7,2,RV Uthappa,PR Shah,B Akhil,1,0,1,0
335985,1,Mumbai Indians,7,3,PR Shah,RV Uthappa,B Akhil,1,0,1,0
335985,1,Mumbai Indians,7,4,RV Uthappa,PR Shah,B Akhil,1,0,1,0
335985,1,Mumbai Indians,7,5,PR Shah,RV Uthappa,B Akhil,1,0,1,0
335985,1,Mumbai Indians,7,6,RV Uthappa,PR Shah,B Akhil,2,0,2,0
335985,1,Mumbai Indians,8,1,PR Shah,RV Uthappa,JH Kallis,0,1,1,0
335985,1,Mumbai Indians,8,2,RV Uthappa,PR Shah,JH Kallis,1,0,1,0
335985,1,Mumbai Indians,8,3,PR Shah,RV Uthappa,JH Kallis,1,0,1,0
335985,1,Mumbai Indians,8,4,RV Uthappa,PR Shah,JH Kallis,4,0,4,0
335985,1,Mumbai Indians,8,5,RV Uthappa,PR Shah,JH Kallis,1,0,1,0
335985,1,Mumbai Indians,8,6,PR Shah,RV Uthappa,JH Kallis,4,0,4,0
335985,1,Mumbai Indians,9,1,RV Uthappa,PR Shah,R Vinay Kumar,0,0,0,0
335985,1,Mumbai Indians,9,2,RV Uthappa,PR Shah,R Vinay Kumar,1,0,1,0
335985,1,Mumbai Indians,9,3,PR Shah,RV Uthappa,R Vinay Kumar,0,0,0,0
335985,1,Mumbai Indians,9,4,PR Shah,RV Uthappa,R Vinay Kumar,0,1,1,0
335985,1,Mumbai Indians,9,5,RV Uthappa,PR Shah,R Vinay Kumar,0,0,0,0
335985,1,Mumbai Indians,9,6,RV Uthappa,PR Shah,R Vinay Kumar,0,0,0,0
335985,1,Mumbai Indians,10,1,PR Shah,RV Uthappa,SB Joshi,1,0,1,0
335985,1,Mumbai Indians,10,2,RV Uthappa,PR Shah,SB Joshi,1,0,1,0
335985,1,Mumbai Indians,10,3,PR Shah,RV Uthappa,SB Joshi,4,0,4,0
335985,1,Mumbai Indians,10,4,PR Shah,RV Uthappa,SB Joshi,1,0,1,0
335985,1,Mumbai Indians,10,5,RV Uthappa,PR Shah,SB Joshi,0,0,0,0
335985,1,Mumbai Indians,10,6,RV Uthappa,PR Shah,SB Joshi,0,0,0,0
335985,1,Mumbai Indians,11,1,PR Shah,RV Uthappa,R Vinay Kumar,0,0,0,0
335985,1,Mumbai Indians,11,2,PR Shah,RV Uthappa,R Vinay Kumar,2,0,2,0
335985,1,Mumbai Indians,11,3,PR Shah,RV Uthappa,R Vinay Kumar,1,0,1,0
335985,1,Mumbai Indians,11,4,RV Uthappa,PR Shah,R Vinay Kumar,0,0,0,0
335985,1,Mumbai Indians,11,5,RV Uthappa,PR Shah,R Vinay Kumar,4,0,4,0
335985,1,Mumbai Indians,11,6,RV Uthappa,PR Shah,R Vinay Kumar,6,0,6,0
335985,1,Mumbai Indians,12,1,PR Shah,RV Uthappa,SB Joshi,0,0,0,0
335985,1,Mumbai Indians,12,2,PR Shah,RV Uthappa,SB Joshi,1,0,1,0
335985,1,Mumbai Indians,12,3,RV Uthappa,PR Shah,SB Joshi,0,0,0,0
335985,1,Mumbai Indians,12,4,RV Uthappa,PR Shah,SB Joshi,0,0,0,0
335985,1,Mumbai Indians,12,5,RV Uthappa,PR Shah,SB Joshi,1,0,1,0
335985,1,Mumbai Indians,12,6,PR Shah,RV Uthappa,SB Joshi,1,0,1,0
335985,1,Mumbai Indians,13,1,PR Shah,RV Uthappa,B Akhil,0,0,0,0
335985,1,Mumbai Indians,13,2,PR Shah,RV Uthappa,B Akhil,0,0,0,0
335985,1,Mumbai Indians,13,3,PR Shah,RV Uthappa,B Akhil,0,0,0,0
335985,1,Mumbai Indians,13,4,RV Uthappa,AM Nayar,B Akhil,1,0,1,0
335985,1,Mumbai Indians,13,5,AM Nayar,RV Uthappa,B Akhil,0,0,0,0
335985,1,Mumbai Indians,13,6,AM Nayar,RV Uthappa,B Akhil,0,1,1,0
335985,1,Mumbai Indians,14,1,AM Nayar,RV Uthappa,P Kumar,1,0,1,0
335985,1,Mumbai Indians,14,2,RV Uthappa,AM Nayar,P Kumar,1,0,1,0
335985,1,Mumbai Indians,14,3,AM Nayar,RV Uthappa,P Kumar,1,0,1,0
335985,1,Mumbai Indians,14,4,RV Uthappa,AM Nayar,P Kumar,0,0,0,0
335985,1,Mumbai Indians,14,5,RV Uthappa,AM Nayar,P Kumar,2,0,2,0
335985,1,Mumbai Indians,14,6,RV Uthappa,AM Nayar,P Kumar,1,0,1,0
335985,1,Mumbai Indians,15,1,RV Uthappa,AM Nayar,JH Kallis,1,0,1,0
335985,1,Mumbai Indians,15,2,AM Nayar,RV Uthappa,JH Kallis,1,0,1,0
335985,1,Mumbai Indians,15,3,RV Uthappa,AM Nayar,JH Kallis,1,0,1,0
335985,1,Mumbai Indians,15,4,AM Nayar,RV Uthappa,JH Kallis,0,1,1,1
335985,1,Mumbai Indians,15,4,AM Nayar,RV Uthappa,JH Kallis,1,0,1,0
335985,1,Mumbai Indians,15,5,RV Uthappa,AM Nayar,JH Kallis,4,0,4,0
335985,1,Mumbai Indians,15,6,RV Uthappa,AM Nayar,JH Kallis,4,0,4,0
335985,1,Mumbai Indians,16,1,AM Nayar,RV Uthappa,B Akhil,1,0,1,0
335985,1,Mumbai Indians,16,2,RV Uthappa,AM Nayar,B Akhil,0,1,1,0
335985,1,Mumbai Indians,16,3,AM Nayar,RV Uthappa,B Akhil,4,0,4,0
335985,1,Mumbai Indians,16,4,AM Nayar,RV Uthappa,B Akhil,1,0,1,0
335985,1,Mumbai Indians,16,5,RV Uthappa,AM Nayar,B Akhil,0,0,0,0
335985,1,Mumbai Indians,16,6,SM Pollock,AM Nayar,B Akhil,4,0,4,0
335985,1,Mumbai Indians,17,1,AM Nayar,SM Pollock,R Vinay Kumar,2,0,2,0
335985,1,Mumbai Indians,17,2,AM Nayar,SM Pollock,R Vinay Kumar,6,0,6,0
335985,1,Mumbai Indians,17,3,AM Nayar,SM Pollock,R Vinay Kumar,1,0,1,0
335985,1,Mumbai Indians,17,4,SM Pollock,AM Nayar,R Vinay Kumar,4,0,4,0
335985,1,Mumbai Indians,17,5,SM Pollock,AM Nayar,R Vinay Kumar,6,0,6,0
335985,1,Mumbai Indians,17,6,SM Pollock,AM Nayar,R Vinay Kumar,1,0,1,0
335985,1,Mumbai Indians,18,1,SM Pollock,AM Nayar,P Kumar,1,0,1,0
335985,1,Mumbai Indians,18,2,AM Nayar,SM Pollock,P Kumar,1,0,1,0
335985,1,Mumbai Indians,18,3,SM Pollock,AM Nayar,P Kumar,0,0,0,0
335985,1,Mumbai Indians,18,4,SM Pollock,AM Nayar,P Kumar,1,0,1,0
335985,1,Mumbai Indians,18,5,AM Nayar,SM Pollock,P Kumar,0,0,0,0
335985,1,Mumbai Indians,18,6,SM Pollock,Harbhajan Singh,P Kumar,6,0,6,0
335985,1,Mumbai Indians,19,1,Harbhajan Singh,SM Pollock,Z Khan,1,0,1,0
335985,1,Mumbai Indians,19,2,SM Pollock,Harbhajan Singh,Z Khan,0,0,0,0
335985,1,Mumbai Indians,19,3,SM Pollock,Harbhajan Singh,Z Khan,4,0,4,0
335985,1,Mumbai Indians,19,4,SM Pollock,Harbhajan Singh,Z Khan,1,0,1,0
335985,1,Mumbai Indians,19,5,Harbhajan Singh,SM Pollock,Z Khan,1,0,1,0
335985,1,Mumbai Indians,19,6,SM Pollock,Harbhajan Singh,Z Khan,0,0,0,0
335985,2,Royal Challengers Bangalore,0,1,S Chanderpaul,R Dravid,A Nehra,0,0,0,0
335985,2,Royal Challengers Bangalore,0,2,S Chanderpaul,R Dravid,A Nehra,1,0,1,0
335985,2,Royal Challengers Bangalore,0,3,R Dravid,S Chanderpaul,A Nehra,0,0,0,0
335985,2,Royal Challengers Bangalore,0,4,R Dravid,S Chanderpaul,A Nehra,1,0,1,0
335985,2,Royal Challengers Bangalore,0,5,S Chanderpaul,R Dravid,A Nehra,4,0,4,0
335985,2,Royal Challengers Bangalore,0,6,S Chanderpaul,R Dravid,A Nehra,4,0,4,0
335985,2,Royal Challengers Bangalore,1,1,R Dravid,S Chanderpaul,SM Pollock,0,0,0,0
335985,2,Royal Challengers Bangalore,1,2,R Dravid,S Chanderpaul,SM Pollock,0,0,0,0
335985,2,Royal Challengers Bangalore,1,3,R Dravid,S Chanderpaul,SM Pollock,0,0,0,0
335985,2,Royal Challengers Bangalore,1,4,R Dravid,S Chanderpaul,SM Pollock,0,0,0,0
335985,2,Royal Challengers Bangalore,1,5,R Dravid,S Chanderpaul,SM Pollock,0,0,0,0
335985,2,Royal Challengers Bangalore,1,6,R Dravid,S Chanderpaul,SM Pollock,1,0,1,0
335985,2,Royal Challengers Bangalore,2,1,R Dravid,S Chanderpaul,A Nehra,0,0,0,0
335985,2,Royal Challengers Bangalore,2,2,R Dravid,S Chanderpaul,A Nehra,4,0,4,0
335985,2,Royal Challengers Bangalore,2,3,R Dravid,S Chanderpaul,A Nehra,1,0,1,0
335985,2,Royal Challengers Bangalore,2,4,S Chanderpaul,R Dravid,A Nehra,1,0,1,0
335985,2,Royal Challengers Bangalore,2,5,R Dravid,S Chanderpaul,A Nehra,4,0,4,0
335985,2,Royal Challengers Bangalore,2,6,R Dravid,S Chanderpaul,A Nehra,1,0,1,0
335985,2,Royal Challengers Bangalore,3,1,R Dravid,S Chanderpaul,SM Pollock,0,0,0,0
335985,2,Royal Challengers Bangalore,3,2,R Dravid,S Chanderpaul,SM Pollock,1,0,1,0
335985,2,Royal Challengers Bangalore,3,3,S Chanderpaul,R Dravid,SM Pollock,1,0,1,0
335985,2,Royal Challengers Bangalore,3,4,R Dravid,S Chanderpaul,SM Pollock,1,0,1,0
335985,2,Royal Challengers Bangalore,3,5,S Chanderpaul,R Dravid,SM Pollock,1,0,1,0
335985,2,Royal Challengers Bangalore,3,6,R Dravid,S Chanderpaul,SM Pollock,1,0,1,0
335985,2,Royal Challengers Bangalore,4,1,R Dravid,S Chanderpaul,DS Kulkarni,4,0,4,0
335985,2,Royal Challengers Bangalore,4,2,R Dravid,S Chanderpaul,DS Kulkarni,1,0,1,0
335985,2,Royal Challengers Bangalore,4,3,S Chanderpaul,R Dravid,DS Kulkarni,4,0,4,0
335985,2,Royal Challengers Bangalore,4,4,S Chanderpaul,R Dravid,DS Kulkarni,0,0,0,0
335985,2,Royal Challengers Bangalore,4,5,S Chanderpaul,R Dravid,DS Kulkarni,0,1,1,1
335985,2,Royal Challengers Bangalore,4,5,S Chanderpaul,R Dravid,DS Kulkarni,0,0,0,0
335985,2,Royal Challengers Bangalore,4,6,S Chanderpaul,R Dravid,DS Kulkarni,0,0,0,0
335985,2,Royal Challengers Bangalore,5,1,LRPL Taylor,R Dravid,SM Pollock,1,0,1,0
335985,2,Royal Challengers Bangalore,5,2,R Dravid,LRPL Taylor,SM Pollock,0,0,0,0
335985,2,Royal Challengers Bangalore,5,3,R Dravid,LRPL Taylor,SM Pollock,0,0,0,0
335985,2,Royal Challengers Bangalore,5,4,R Dravid,LRPL Taylor,SM Pollock,1,0,1,0
335985,2,Royal Challengers Bangalore,5,5,LRPL Taylor,R Dravid,SM Pollock,1,0,1,0
335985,2,Royal Challengers Bangalore,5,6,R Dravid,LRPL Taylor,SM Pollock,0,0,0,0
335985,2,Royal Challengers Bangalore,6,1,LRPL Taylor,R Dravid,DS Kulkarni,1,0,1,0
335985,2,Royal Challengers Bangalore,6,2,R Dravid,LRPL Taylor,DS Kulkarni,0,0,0,0
335985,2,Royal Challengers Bangalore,6,3,R Dravid,LRPL Taylor,DS Kulkarni,4,0,4,0
335985,2,Royal Challengers Bangalore,6,4,R Dravid,LRPL Taylor,DS Kulkarni,0,0,0,0
335985,2,Royal Challengers Bangalore,6,5,R Dravid,LRPL Taylor,DS Kulkarni,0,0,0,0
335985,2,Royal Challengers Bangalore,6,6,R Dravid,LRPL Taylor,DS Kulkarni,1,0,1,0
335985,2,Royal Challengers Bangalore,7,1,R Dravid,LRPL Taylor,ST Jayasuriya,2,0,2,0
335985,2,Royal Challengers Bangalore,7,2,R Dravid,LRPL Taylor,ST Jayasuriya,1,0,1,0
335985,2,Royal Challengers Bangalore,7,3,LRPL Taylor,R Dravid,ST Jayasuriya,1,0,1,0
335985,2,Royal Challengers Bangalore,7,4,R Dravid,LRPL Taylor,ST Jayasuriya,1,0,1,0
335985,2,Royal Challengers Bangalore,7,5,LRPL Taylor,R Dravid,ST Jayasuriya,1,0,1,0
335985,2,Royal Challengers Bangalore,7,6,R Dravid,LRPL Taylor,ST Jayasuriya,2,0,2,0
335985,2,Royal Challengers Bangalore,8,1,LRPL Taylor,R Dravid,Harbhajan Singh,6,0,6,0
335985,2,Royal Challengers Bangalore,8,2,LRPL Taylor,R Dravid,Harbhajan Singh,6,0,6,0
335985,2,Royal Challengers Bangalore,8,3,LRPL Taylor,R Dravid,Harbhajan Singh,0,1,1,1
335985,2,Royal Challengers Bangalore,8,3,LRPL Taylor,R Dravid,Harbhajan Singh,0,0,0,0
335985,2,Royal Challengers Bangalore,8,4,LRPL Taylor,R Dravid,Harbhajan Singh,1,0,1,0
335985,2,Royal Challengers Bangalore,8,5,R Dravid,LRPL Taylor,Harbhajan Singh,0,0,0,0
335985,2,Royal Challengers Bangalore,8,6,JH Kallis,LRPL Taylor,Harbhajan Singh,1,0,1,0
335985,2,Royal Challengers Bangalore,9,1,JH Kallis,LRPL Taylor,ST Jayasuriya,1,0,1,0
335985,2,Royal Challengers Bangalore,9,2,LRPL Taylor,JH Kallis,ST Jayasuriya,4,0,4,0
335985,2,Royal Challengers Bangalore,9,3,LRPL Taylor,JH Kallis,ST Jayasuriya,1,0,1,0
335985,2,Royal Challengers Bangalore,9,4,JH Kallis,LRPL Taylor,ST Jayasuriya,0,0,0,0
335985,2,Royal Challengers Bangalore,9,5,JH Kallis,LRPL Taylor,ST Jayasuriya,1,0,1,0
335985,2,Royal Challengers Bangalore,9,6,LRPL Taylor,JH Kallis,ST Jayasuriya,0,0,0,0
335985,2,Royal Challengers Bangalore,10,1,V Kohli,JH Kallis,Harbhajan Singh,1,0,1,0
335985,2,Royal Challengers Bangalore,10,2,JH Kallis,V Kohli,Harbhajan Singh,1,0,1,0
335985,2,Royal Challengers Bangalore,10,3,V Kohli,JH Kallis,Harbhajan Singh,0,0,0,0
335985,2,Royal Challengers Bangalore,10,4,V Kohli,JH Kallis,Harbhajan Singh,1,0,1,0
335985,2,Royal Challengers Bangalore,10,5,JH Kallis,V Kohli,Harbhajan Singh,0,0,0,0
335985,2,Royal Challengers Bangalore,10,6,JH Kallis,V Kohli,Harbhajan Singh,1,0,1,0
335985,2,Royal Challengers Bangalore,11,1,JH Kallis,V Kohli,ST Jayasuriya,1,0,1,0
335985,2,Royal Challengers Bangalore,11,2,V Kohli,JH Kallis,ST Jayasuriya,4,0,4,0
335985,2,Royal Challengers Bangalore,11,3,V Kohli,JH Kallis,ST Jayasuriya,1,0,1,0
335985,2,Royal Challengers Bangalore,11,4,JH Kallis,V Kohli,ST Jayasuriya,1,0,1,0
335985,2,Royal Challengers Bangalore,11,5,V Kohli,JH Kallis,ST Jayasuriya,6,0,6,0
335985,2,Royal Challengers Bangalore,11,6,V Kohli,JH Kallis,ST Jayasuriya,1,0,1,0
335985,2,Royal Challengers Bangalore,12,1,V Kohli,JH Kallis,AM Nayar,0,0,0,0
335985,2,Royal Challengers Bangalore,12,2,V Kohli,JH Kallis,AM Nayar,4,0,4,0
335985,2,Royal Challengers Bangalore,12,3,V Kohli,JH Kallis,AM Nayar,4,0,4,0
335985,2,Royal Challengers Bangalore,12,4,V Kohli,JH Kallis,AM Nayar,0,0,0,0
335985,2,Royal Challengers Bangalore,12,5,V Kohli,JH Kallis,AM Nayar,1,0,1,0
335985,2,Royal Challengers Bangalore,12,6,JH Kallis,V Kohli,AM Nayar,1,0,1,0
335985,2,Royal Challengers Bangalore,13,1,JH Kallis,V Kohli,A Nehra,1,0,1,0
335985,2,Royal Challengers Bangalore,13,2,V Kohli,JH Kallis,A Nehra,0,1,1,1
335985,2,Royal Challengers Bangalore,13,2,V Kohli,JH Kallis,A Nehra,0,0,0,0
335985,2,Royal Challengers Bangalore,13,3,V Kohli,JH Kallis,A Nehra,0,0,0,0
335985,2,Royal Challengers Bangalore,13,4,MV Boucher,JH Kallis,A Nehra,0,0,0,0
335985,2,Royal Challengers Bangalore,13,5,MV Boucher,JH Kallis,A Nehra,0,1,1,1
335985,2,Royal Challengers Bangalore,13,5,MV Boucher,JH Kallis,A Nehra,0,0,0,0
335985,2,Royal Challengers Bangalore,13,6,MV Boucher,JH Kallis,A Nehra,2,0,2,0
335985,2,Royal Challengers Bangalore,14,1,JH Kallis,MV Boucher,Harbhajan Singh,1,0,1,0
335985,2,Royal Challengers Bangalore,14,2,MV Boucher,JH Kallis,Harbhajan Singh,1,0,1,0
335985,2,Royal Challengers Bangalore,14,3,JH Kallis,MV Boucher,Harbhajan Singh,1,0,1,0
335985,2,Royal Challengers Bangalore,14,4,MV Boucher,JH Kallis,Harbhajan Singh,4,0,4,0
335985,2,Royal Challengers Bangalore,14,5,MV Boucher,JH Kallis,Harbhajan Singh,1,0,1,0
335985,2,Royal Challengers Bangalore,14,6,JH Kallis,MV Boucher,Harbhajan Singh,1,0,1,0
335985,2,Royal Challengers Bangalore,15,1,JH Kallis,MV Boucher,SM Pollock,1,0,1,0
335985,2,Royal Challengers Bangalore,15,2,MV Boucher,JH Kallis,SM Pollock,4,0,4,0
335985,2,Royal Challengers Bangalore,15,3,MV Boucher,JH Kallis,SM Pollock,1,0,1,0
335985,2,Royal Challengers Bangalore,15,4,JH Kallis,MV Boucher,SM Pollock,0,0,0,0
335985,2,Royal Challengers Bangalore,15,5,JH Kallis,MV Boucher,SM Pollock,1,0,1,0
335985,2,Royal Challengers Bangalore,15,6,MV Boucher,JH Kallis,SM Pollock,1,0,1,0
335985,2,Royal Challengers Bangalore,16,1,MV Boucher,JH Kallis,ST Jayasuriya,6,0,6,0
335985,2,Royal Challengers Bangalore,16,2,MV Boucher,JH Kallis,ST Jayasuriya,1,0,1,0
335985,2,Royal Challengers Bangalore,16,3,JH Kallis,MV Boucher,ST Jayasuriya,1,0,1,0
335985,2,Royal Challengers Bangalore,16,4,MV Boucher,JH Kallis,ST Jayasuriya,1,0,1,0
335985,2,Royal Challengers Bangalore,16,5,JH Kallis,MV Boucher,ST Jayasuriya,1,0,1,0
335985,2,Royal Challengers Bangalore,16,6,MV Boucher,JH Kallis,ST Jayasuriya,0,0,0,0
335985,2,Royal Challengers Bangalore,17,1,JH Kallis,MV Boucher,A Nehra,6,0,6,0
335985,2,Royal Challengers Bangalore,17,2,JH Kallis,MV Boucher,A Nehra,1,0,1,0
335985,2,Royal Challengers Bangalore,17,3,MV Boucher,JH Kallis,A Nehra,1,0,1,0
335985,2,Royal Challengers Bangalore,17,4,JH Kallis,MV Boucher,A Nehra,1,0,1,0
335985,2,Royal Challengers Bangalore,17,5,MV Boucher,JH Kallis,A Nehra,4,0,4,0
335985,2,Royal Challengers Bangalore,17,6,MV Boucher,JH Kallis,A Nehra,6,0,6,0
335985,2,Royal Challengers Bangalore,18,1,JH Kallis,MV Boucher,Harbhajan Singh,1,0,1,0
335985,2,Royal Challengers Bangalore,18,2,MV Boucher,JH Kallis,Harbhajan Singh,4,0,4,0
335985,2,Royal Challengers Bangalore,18,3,MV Boucher,JH Kallis,Harbhajan Singh,1,0,1,0
335985,2,Royal Challengers Bangalore,18,4,JH Kallis,MV Boucher,Harbhajan Singh,0,0,0,0
335985,2,Royal Challengers Bangalore,18,5,B Akhil,MV Boucher,Harbhajan Singh,2,0,2,0
335985,2,Royal Challengers Bangalore,18,6,B Akhil,MV Boucher,Harbhajan Singh,0,0,0,0
335985,2,Royal Challengers Bangalore,19,1,MV Boucher,B Akhil,DS Kulkarni,1,0,1,0
335985,2,Royal Challengers Bangalore,19,2,B Akhil,MV Boucher,DS Kulkarni,0,1,1,1
335985,2,Royal Challengers Bangalore,19,2,B Akhil,MV Boucher,DS Kulkarni,0,0,0,0
335985,2,Royal Challengers Bangalore,19,3,B Akhil,MV Boucher,DS Kulkarni,0,0,0,0
335985,2,Royal Challengers Bangalore,19,4,B Akhil,MV Boucher,DS Kulkarni,1,0,1,0
335988,1,Deccan Chargers,0,1,AC Gilchrist,Y Venugopal Rao,GD McGrath,0,0,0,0
335988,1,Deccan Chargers,0,2,AC Gilchrist,Y Venugopal Rao,GD McGrath,0,0,0,0
335988,1,Deccan Chargers,0,3,AC Gilchrist,Y Venugopal Rao,GD McGrath,0,1,1,0
335988,1,Deccan Chargers,0,4,Y Venugopal Rao,AC Gilchrist,GD McGrath,0,0,0,0
335988,1,Deccan Chargers,0,5,Y Venugopal Rao,AC Gilchrist,GD McGrath,0,0,0,0
335988,1,Deccan Chargers,0,6,Y Venugopal Rao,AC Gilchrist,GD McGrath,0,0,0,0
335988,1,Deccan Chargers,1,1,AC Gilchrist,Y Venugopal Rao,Mohammad Asif,0,0,0,0
335988,1,Deccan Chargers,1,2,AC Gilchrist,Y Venugopal Rao,Mohammad Asif,0,0,0,0
335988,1,Deccan Chargers,1,3,AC Gilchrist,Y Venugopal Rao,Mohammad Asif,6,0,6,0
335988,1,Deccan Chargers,1,4,AC Gilchrist,Y Venugopal Rao,Mohammad Asif,0,0,0,0
335988,1,Deccan Chargers,1,5,AC Gilchrist,Y Venugopal Rao,Mohammad Asif,2,0,2,0
335988,1,Deccan Chargers,1,6,AC Gilchrist,Y Venugopal Rao,Mohammad Asif,0,0,0,0
335988,1,Deccan Chargers,2,1,Y Venugopal Rao,VVS Laxman,GD McGrath,0,0,0,0
335988,1,Deccan Chargers,2,2,Y Venugopal Rao,VVS Laxman,GD McGrath,2,0,2,0
335988,1,Deccan Chargers,2,3,Y Venugopal Rao,VVS Laxman,GD McGrath,0,0,0,0
335988,1,Deccan Chargers,2,4,Y Venugopal Rao,VVS Laxman,GD McGrath,0,0,0,0
335988,1,Deccan Chargers,2,5,Y Venugopal Rao,VVS Laxman,GD McGrath,0,0,0,0
335988,1,Deccan Chargers,2,6,Y Venugopal Rao,VVS Laxman,GD McGrath,4,0,4,0
335988,1,Deccan Chargers,3,1,VVS Laxman,Y Venugopal Rao,Mohammad Asif,0,0,0,0
335988,1,Deccan Chargers,3,2,VVS Laxman,Y Venugopal Rao,Mohammad Asif,0,0,0,0
335988,1,Deccan Chargers,3,3,VVS Laxman,Y Venugopal Rao,Mohammad Asif,0,0,0,0
335988,1,Deccan Chargers,3,4,VVS Laxman,Y Venugopal Rao,Mohammad Asif,1,0,1,0
335988,1,Deccan Chargers,3,5,Y Venugopal Rao,VVS Laxman,Mohammad Asif,0,0,0,0
335988,1,Deccan Chargers,3,6,Y Venugopal Rao,VVS Laxman,Mohammad Asif,0,0,0,0
335988,1,Deccan Chargers,4,1,VVS Laxman,Y Venugopal Rao,GD McGrath,1,0,1,0
335988,1,Deccan Chargers,4,2,Y Venugopal Rao,VVS Laxman,GD McGrath,2,0,2,0
335988,1,Deccan Chargers,4,3,Y Venugopal Rao,VVS Laxman,GD McGrath,4,0,4,0
335988,1,Deccan Chargers,4,4,Y Venugopal Rao,VVS Laxman,GD McGrath,0,0,0,0
335988,1,Deccan Chargers,4,5,Y Venugopal Rao,VVS Laxman,GD McGrath,0,0,0,0
335988,1,Deccan Chargers,4,6,Y Venugopal Rao,VVS Laxman,GD McGrath,0,0,0,0
335988,1,Deccan Chargers,5,1,VVS Laxman,Y Venugopal Rao,Mohammad Asif,0,0,0,0
335988,1,Deccan Chargers,5,2,A Symonds,Y Venugopal Rao,Mohammad Asif,0,0,0,0
335988,1,Deccan Chargers,5,3,A Symonds,Y Venugopal Rao,Mohammad Asif,0,0,0,0
335988,1,Deccan Chargers,5,4,A Symonds,Y Venugopal Rao,Mohammad Asif,0,0,0,0
335988,1,Deccan Chargers,5,5,A Symonds,Y Venugopal Rao,Mohammad Asif,2,0,2,0
335988,1,Deccan Chargers,5,6,A Symonds,Y Venugopal Rao,Mohammad Asif,0,0,0,0
335988,1,Deccan Chargers,6,1,Y Venugopal Rao,A Symonds,GD McGrath,1,0,1,0
335988,1,Deccan Chargers,6,2,A Symonds,Y Venugopal Rao,GD McGrath,4,0,4,0
335988,1,Deccan Chargers,6,3,A Symonds,Y Venugopal Rao,GD McGrath,4,0,4,0
335988,1,Deccan Chargers,6,4,A Symonds,Y Venugopal Rao,GD McGrath,0,0,0,0
335988,1,Deccan Chargers,6,5,A Symonds,Y Venugopal Rao,GD McGrath,0,0,0,0
335988,1,Deccan Chargers,6,6,A Symonds,Y Venugopal Rao,GD McGrath,0,0,0,0
335988,1,Deccan Chargers,7,1,Y Venugopal Rao,A Symonds,MF Maharoof,1,0,1,0
335988,1,Deccan Chargers,7,2,A Symonds,Y Venugopal Rao,MF Maharoof,1,0,1,0
335988,1,Deccan Chargers,7,3,Y Venugopal Rao,A Symonds,MF Maharoof,0,0,0,0
335988,1,Deccan Chargers,7,4,Y Venugopal Rao,A Symonds,MF Maharoof,0,0,0,0
335988,1,Deccan Chargers,7,5,Y Venugopal Rao,A Symonds,MF Maharoof,0,0,0,0
335988,1,Deccan Chargers,7,6,Y Venugopal Rao,A Symonds,MF Maharoof,0,0,0,0
335988,1,Deccan Chargers,8,1,RG Sharma,A Symonds,VY Mahesh,4,0,4,0
335988,1,Deccan Chargers,8,2,RG Sharma,A Symonds,VY Mahesh,0,0,0,0
335988,1,Deccan Chargers,8,3,RG Sharma,A Symonds,VY Mahesh,1,0,1,0
335988,1,Deccan Chargers,8,4,A Symonds,RG Sharma,VY Mahesh,1,0,1,0
335988,1,Deccan Chargers,8,5,RG Sharma,A Symonds,VY Mahesh,0,0,0,0
335988,1,Deccan Chargers,8,6,RG Sharma,A Symonds,VY Mahesh,1,0,1,0
335988,1,Deccan Chargers,9,1,RG Sharma,A Symonds,MF Maharoof,0,1,1,1
335988,1,Deccan Chargers,9,1,RG Sharma,A Symonds,MF Maharoof,1,0,1,0
335988,1,Deccan Chargers,9,2,A Symonds,RG Sharma,MF Maharoof,0,0,0,0
335988,1,Deccan Chargers,9,3,Shahid Afridi,RG Sharma,MF Maharoof,0,0,0,0
335988,1,Deccan Chargers,9,4,Shahid Afridi,RG Sharma,MF Maharoof,0,0,0,0
335988,1,Deccan Chargers,9,5,Shahid Afridi,RG Sharma,MF Maharoof,0,0,0,0
335988,1,Deccan Chargers,9,6,Shahid Afridi,RG Sharma,MF Maharoof,0,0,0,0
335988,1,Deccan Chargers,10,1,RG Sharma,Shahid Afridi,VY Mahesh,0,0,0,0
335988,1,Deccan Chargers,10,2,RG Sharma,Shahid Afridi,VY Mahesh,0,0,0,0
335988,1,Deccan Chargers,10,3,RG Sharma,Shahid Afridi,VY Mahesh,0,0,0,0
335988,1,Deccan Chargers,10,4,RG Sharma,Shahid Afridi,VY Mahesh,4,0,4,0
335988,1,Deccan Chargers,10,5,RG Sharma,Shahid Afridi,VY Mahesh,4,0,4,0
335988,1,Deccan Chargers,10,6,RG Sharma,Shahid Afridi,VY Mahesh,1,0,1,0
335988,1,Deccan Chargers,11,1,RG Sharma,Shahid Afridi,MF Maharoof,2,0,2,0
335988,1,Deccan Chargers,11,2,RG Sharma,Shahid Afridi,MF Maharoof,0,0,0,0
335988,1,Deccan Chargers,11,3,RG Sharma,Shahid Afridi,MF Maharoof,1,0,1,0
335988,1,Deccan Chargers,11,4,Shahid Afridi,RG Sharma,MF Maharoof,1,0,1,0
335988,1,Deccan Chargers,11,5,RG Sharma,Shahid Afridi,MF Maharoof,1,0,1,0
335988,1,Deccan Chargers,11,6,Shahid Afridi,RG Sharma,MF Maharoof,1,0,1,0
335988,1,Deccan Chargers,12,1,Shahid Afridi,RG Sharma,R Bhatia,0,0,0,0
335988,1,Deccan Chargers,12,2,SB Bangar,RG Sharma,R Bhatia,0,0,0,0
335988,1,Deccan Chargers,12,3,SB Bangar,RG Sharma,R Bhatia,0,0,0,0
335988,1,Deccan Chargers,12,4,SB Bangar,RG Sharma,R Bhatia,1,0,1,0
335988,1,Deccan Chargers,12,5,RG Sharma,SB Bangar,R Bhatia,1,0,1,0
335988,1,Deccan Chargers,12,6,SB Bangar,RG Sharma,R Bhatia,0,0,0,0
335988,1,Deccan Chargers,13,1,RG Sharma,SB Bangar,VY Mahesh,1,0,1,0
335988,1,Deccan Chargers,13,2,SB Bangar,RG Sharma,VY Mahesh,1,0,1,0
335988,1,Deccan Chargers,13,3,RG Sharma,SB Bangar,VY Mahesh,1,0,1,0
335988,1,Deccan Chargers,13,4,SB Bangar,RG Sharma,VY Mahesh,1,0,1,0
335988,1,Deccan Chargers,13,5,RG Sharma,SB Bangar,VY Mahesh,1,0,1,0
335988,1,Deccan Chargers,13,6,SB Bangar,RG Sharma,VY Mahesh,1,0,1,0
335988,1,Deccan Chargers,14,1,SB Bangar,RG Sharma,R Bhatia,1,0,1,0
335988,1,Deccan Chargers,14,2,RG Sharma,SB Bangar,R Bhatia,1,0,1,0
335988,1,Deccan Chargers,14,3,SB Bangar,RG Sharma,R Bhatia,1,0,1,0
335988,1,Deccan Chargers,14,4,RG Sharma,SB Bangar,R Bhatia,0,0,0,0
335988,1,Deccan Chargers,14,5,RG Sharma,SB Bangar,R Bhatia,1,0,1,0
335988,1,Deccan Chargers,14,6,SB Bangar,RG Sharma,R Bhatia,1,0,1,0
335988,1,Deccan Chargers,15,1,SB Bangar,RG Sharma,Mohammad Asif,0,0,0,0
335988,1,Deccan Chargers,15,2,SB Bangar,RG Sharma,Mohammad Asif,0,1,1,0
335988,1,Deccan Chargers,15,3,RG Sharma,SB Bangar,Mohammad Asif,6,0,6,0
335988,1,Deccan Chargers,15,4,RG Sharma,SB Bangar,Mohammad Asif,1,0,1,0
335988,1,Deccan Chargers,15,5,SB Bangar,RG Sharma,Mohammad Asif,1,0,1,0
335988,1,Deccan Chargers,15,6,RG Sharma,SB Bangar,Mohammad Asif,0,0,0,0
335988,1,Deccan Chargers,16,1,SB Bangar,RG Sharma,R Bhatia,0,0,0,0
335988,1,Deccan Chargers,16,2,AS Yadav,RG Sharma,R Bhatia,1,0,1,0
335988,1,Deccan Chargers,16,3,RG Sharma,AS Yadav,R Bhatia,0,0,0,0
335988,1,Deccan Chargers,16,4,RG Sharma,AS Yadav,R Bhatia,6,0,6,0
335988,1,Deccan Chargers,16,5,RG Sharma,AS Yadav,R Bhatia,1,0,1,0
335988,1,Deccan Chargers,16,6,AS Yadav,RG Sharma,R Bhatia,0,0,0,0
335988,1,Deccan Chargers,17,1,RG Sharma,AS Yadav,MF Maharoof,6,0,6,0
335988,1,Deccan Chargers,17,2,RG Sharma,AS Yadav,MF Maharoof,6,0,6,0
335988,1,Deccan Chargers,17,3,RG Sharma,AS Yadav,MF Maharoof,4,0,4,0
335988,1,Deccan Chargers,17,4,RG Sharma,AS Yadav,MF Maharoof,4,0,4,0
335988,1,Deccan Chargers,17,5,RG Sharma,AS Yadav,MF Maharoof,4,0,4,0
335988,1,Deccan Chargers,17,6,RG Sharma,AS Yadav,MF Maharoof,2,0,2,0
335988,1,Deccan Chargers,18,1,AS Yadav,RG Sharma,R Bhatia,2,0,2,0
335988,1,Deccan Chargers,18,2,AS Yadav,RG Sharma,R Bhatia,4,0,4,0
335988,1,Deccan Chargers,18,3,AS Yadav,RG Sharma,R Bhatia,1,0,1,0
335988,1,Deccan Chargers,18,4,RG Sharma,AS Yadav,R Bhatia,0,0,0,0
335988,1,Deccan Chargers,18,5,WPUJC Vaas,AS Yadav,R Bhatia,1,0,1,0
335988,1,Deccan Chargers,18,6,AS Yadav,WPUJC Vaas,R Bhatia,4,0,4,0
335988,1,Deccan Chargers,19,1,WPUJC Vaas,AS Yadav,VY Mahesh,0,1,1,0
335988,1,Deccan Chargers,19,2,AS Yadav,WPUJC Vaas,VY Mahesh,0,0,0,0
335988,1,Deccan Chargers,19,3,WPUJC Vaas,RP Singh,VY Mahesh,1,0,1,0
335988,1,Deccan Chargers,19,4,RP Singh,WPUJC Vaas,VY Mahesh,1,0,1,0
335988,1,Deccan Chargers,19,5,WPUJC Vaas,RP Singh,VY Mahesh,2,0,2,0
335988,1,Deccan Chargers,19,6,WPUJC Vaas,RP Singh,VY Mahesh,6,1,7,0
335988,1,Deccan Chargers,19,6,WPUJC Vaas,RP Singh,VY Mahesh,2,0,2,0
335988,2,Delhi Daredevils,0,1,G Gambhir,V Sehwag,WPUJC Vaas,1,0,1,0
335988,2,Delhi Daredevils,0,2,V Sehwag,G Gambhir,WPUJC Vaas,1,0,1,0
335988,2,Delhi Daredevils,0,3,G Gambhir,V Sehwag,WPUJC Vaas,1,0,1,0
335988,2,Delhi Daredevils,0,4,V Sehwag,G Gambhir,WPUJC Vaas,0,0,0,0
335988,2,Delhi Daredevils,0,5,V Sehwag,G Gambhir,WPUJC Vaas,1,0,1,0
335988,2,Delhi Daredevils,0,6,G Gambhir,V Sehwag,WPUJC Vaas,0,0,0,0
335988,2,Delhi Daredevils,1,1,V Sehwag,G Gambhir,RP Singh,4,0,4,0
335988,2,Delhi Daredevils,1,2,V Sehwag,G Gambhir,RP Singh,4,0,4,0
335988,2,Delhi Daredevils,1,3,V Sehwag,G Gambhir,RP Singh,1,0,1,0
335988,2,Delhi Daredevils,1,4,G Gambhir,V Sehwag,RP Singh,4,0,4,0
335988,2,Delhi Daredevils,1,5,G Gambhir,V Sehwag,RP Singh,1,0,1,0
335988,2,Delhi Daredevils,1,6,V Sehwag,G Gambhir,RP Singh,0,0,0,0
335988,2,Delhi Daredevils,2,1,G Gambhir,V Sehwag,WPUJC Vaas,1,0,1,0
335988,2,Delhi Daredevils,2,2,V Sehwag,G Gambhir,WPUJC Vaas,2,0,2,0
335988,2,Delhi Daredevils,2,3,V Sehwag,G Gambhir,WPUJC Vaas,4,0,4,0
335988,2,Delhi Daredevils,2,4,V Sehwag,G Gambhir,WPUJC Vaas,1,0,1,0
335988,2,Delhi Daredevils,2,5,G Gambhir,V Sehwag,WPUJC Vaas,0,0,0,0
335988,2,Delhi Daredevils,2,6,G Gambhir,V Sehwag,WPUJC Vaas,4,0,4,0
335988,2,Delhi Daredevils,3,1,V Sehwag,G Gambhir,RP Singh,0,0,0,0
335988,2,Delhi Daredevils,3,2,V Sehwag,G Gambhir,RP Singh,1,0,1,0
335988,2,Delhi Daredevils,3,3,G Gambhir,V Sehwag,RP Singh,0,0,0,0
335988,2,Delhi Daredevils,3,4,S Dhawan,V Sehwag,RP Singh,0,0,0,0
335988,2,Delhi Daredevils,3,5,S Dhawan,V Sehwag,RP Singh,1,0,1,0
335988,2,Delhi Daredevils,3,6,V Sehwag,S Dhawan,RP Singh,0,0,0,0
335988,2,Delhi Daredevils,4,1,S Dhawan,V Sehwag,WPUJC Vaas,0,0,0,0
335988,2,Delhi Daredevils,4,2,S Dhawan,V Sehwag,WPUJC Vaas,0,0,0,0
335988,2,Delhi Daredevils,4,3,S Dhawan,V Sehwag,WPUJC Vaas,1,0,1,0
335988,2,Delhi Daredevils,4,4,V Sehwag,S Dhawan,WPUJC Vaas,4,0,4,0
335988,2,Delhi Daredevils,4,5,V Sehwag,S Dhawan,WPUJC Vaas,0,0,0,0
335988,2,Delhi Daredevils,4,6,V Sehwag,S Dhawan,WPUJC Vaas,0,0,0,0
335988,2,Delhi Daredevils,5,1,S Dhawan,V Sehwag,RP Singh,0,1,1,1
335988,2,Delhi Daredevils,5,1,S Dhawan,V Sehwag,RP Singh,0,0,0,0
335988,2,Delhi Daredevils,5,2,S Dhawan,V Sehwag,RP Singh,1,0,1,0
335988,2,Delhi Daredevils,5,3,V Sehwag,S Dhawan,RP Singh,1,0,1,0
335988,2,Delhi Daredevils,5,4,S Dhawan,V Sehwag,RP Singh,4,0,4,0
335988,2,Delhi Daredevils,5,5,S Dhawan,V Sehwag,RP Singh,0,0,0,0
335988,2,Delhi Daredevils,5,6,S Dhawan,V Sehwag,RP Singh,4,0,4,0
335988,2,Delhi Daredevils,6,1,V Sehwag,S Dhawan,SB Bangar,4,0,4,0
335988,2,Delhi Daredevils,6,2,V Sehwag,S Dhawan,SB Bangar,0,0,0,0
335988,2,Delhi Daredevils,6,3,V Sehwag,S Dhawan,SB Bangar,1,0,1,0
335988,2,Delhi Daredevils,6,4,S Dhawan,V Sehwag,SB Bangar,2,0,2,0
335988,2,Delhi Daredevils,6,5,S Dhawan,V Sehwag,SB Bangar,0,0,0,0
335988,2,Delhi Daredevils,6,6,S Dhawan,V Sehwag,SB Bangar,0,0,0,0
335988,2,Delhi Daredevils,7,1,V Sehwag,S Dhawan,Shahid Afridi,1,0,1,0
335988,2,Delhi Daredevils,7,2,S Dhawan,V Sehwag,Shahid Afridi,0,0,0,0
335988,2,Delhi Daredevils,7,3,S Dhawan,V Sehwag,Shahid Afridi,2,0,2,0
335988,2,Delhi Daredevils,7,4,S Dhawan,V Sehwag,Shahid Afridi,0,0,0,0
335988,2,Delhi Daredevils,7,5,S Dhawan,V Sehwag,Shahid Afridi,1,0,1,0
335988,2,Delhi Daredevils,7,6,V Sehwag,S Dhawan,Shahid Afridi,1,0,1,0
335988,2,Delhi Daredevils,8,1,V Sehwag,S Dhawan,SB Bangar,0,1,1,1
335988,2,Delhi Daredevils,8,1,V Sehwag,S Dhawan,SB Bangar,1,0,1,0
335988,2,Delhi Daredevils,8,2,S Dhawan,V Sehwag,SB Bangar,1,0,1,0
335988,2,Delhi Daredevils,8,3,V Sehwag,S Dhawan,SB Bangar,4,0,4,0
335988,2,Delhi Daredevils,8,4,V Sehwag,S Dhawan,SB Bangar,6,0,6,0
335988,2,Delhi Daredevils,8,5,V Sehwag,S Dhawan,SB Bangar,6,0,6,0
335988,2,Delhi Daredevils,8,6,V Sehwag,S Dhawan,SB Bangar,4,0,4,0
335988,2,Delhi Daredevils,9,1,S Dhawan,V Sehwag,Shahid Afridi,1,0,1,0
335988,2,Delhi Daredevils,9,2,V Sehwag,S Dhawan,Shahid Afridi,2,0,2,0
335988,2,Delhi Daredevils,9,3,V Sehwag,S Dhawan,Shahid Afridi,6,0,6,0
335988,2,Delhi Daredevils,9,4,V Sehwag,S Dhawan,Shahid Afridi,1,0,1,0
335988,2,Delhi Daredevils,9,5,S Dhawan,V Sehwag,Shahid Afridi,2,0,2,0
335988,2,Delhi Daredevils,9,6,S Dhawan,V Sehwag,Shahid Afridi,0,0,0,0
335988,2,Delhi Daredevils,10,1,V Sehwag,S Dhawan,A Symonds,1,0,1,0
335988,2,Delhi Daredevils,10,2,S Dhawan,V Sehwag,A Symonds,0,0,0,0
335988,2,Delhi Daredevils,10,3,S Dhawan,V Sehwag,A Symonds,0,0,0,0
335988,2,Delhi Daredevils,10,4,S Dhawan,V Sehwag,A Symonds,0,0,0,0
335988,2,Delhi Daredevils,10,5,S Dhawan,V Sehwag,A Symonds,4,0,4,0
335988,2,Delhi Daredevils,10,6,S Dhawan,V Sehwag,A Symonds,0,0,0,0
335988,2,Delhi Daredevils,11,1,V Sehwag,S Dhawan,PP Ojha,1,0,1,0
335988,2,Delhi Daredevils,11,2,S Dhawan,V Sehwag,PP Ojha,0,2,2,2
335988,2,Delhi Daredevils,11,2,V Sehwag,S Dhawan,PP Ojha,0,0,0,0
335988,2,Delhi Daredevils,11,3,V Sehwag,S Dhawan,PP Ojha,0,2,2,2
335988,2,Delhi Daredevils,11,3,S Dhawan,V Sehwag,PP Ojha,1,0,1,0
335988,2,Delhi Daredevils,11,4,V Sehwag,S Dhawan,PP Ojha,0,5,5,0
335988,2,Delhi Daredevils,11,5,V Sehwag,S Dhawan,PP Ojha,1,0,1,0
335988,2,Delhi Daredevils,11,6,S Dhawan,V Sehwag,PP Ojha,0,0,0,0
335988,2,Delhi Daredevils,12,1,V Sehwag,S Dhawan,A Symonds,4,0,4,0
335988,2,Delhi Daredevils,12,2,V Sehwag,S Dhawan,A Symonds,6,0,6,0
335988,2,Delhi Daredevils,12,3,V Sehwag,S Dhawan,A Symonds,4,0,4,0
335988,2,Delhi Daredevils,12,4,V Sehwag,S Dhawan,A Symonds,6,0,6,0
335988,2,Delhi Daredevils,12,5,V Sehwag,S Dhawan,A Symonds,4,0,4,0
335988,2,Delhi Daredevils,12,6,V Sehwag,S Dhawan,A Symonds,6,0,6,0
335988,2,Delhi Daredevils,13,1,S Dhawan,V Sehwag,WPUJC Vaas,0,1,1,1
335982,1,Kolkata Knight Riders,0,1,SC Ganguly,BB McCullum,P Kumar,0,1,1,0
335982,1,Kolkata Knight Riders,0,2,BB McCullum,SC Ganguly,P Kumar,0,0,0,0
335982,1,Kolkata Knight Riders,0,3,BB McCullum,SC Ganguly,P Kumar,0,1,1,1
335982,1,Kolkata Knight Riders,0,3,BB McCullum,SC Ganguly,P Kumar,0,0,0,0
335982,1,Kolkata Knight Riders,0,4,BB McCullum,SC Ganguly,P Kumar,0,0,0,0
335982,1,Kolkata Knight Riders,0,5,BB McCullum,SC Ganguly,P Kumar,0,0,0,0
335982,1,Kolkata Knight Riders,0,6,BB McCullum,SC Ganguly,P Kumar,0,1,1,0
335982,1,Kolkata Knight Riders,1,1,BB McCullum,SC Ganguly,Z Khan,0,0,0,0
335982,1,Kolkata Knight Riders,1,2,BB McCullum,SC Ganguly,Z Khan,4,0,4,0
335982,1,Kolkata Knight Riders,1,3,BB McCullum,SC Ganguly,Z Khan,4,0,4,0
335982,1,Kolkata Knight Riders,1,4,BB McCullum,SC Ganguly,Z Khan,6,0,6,0
335982,1,Kolkata Knight Riders,1,5,BB McCullum,SC Ganguly,Z Khan,4,0,4,0
335982,1,Kolkata Knight Riders,1,6,BB McCullum,SC Ganguly,Z Khan,0,0,0,0
335982,1,Kolkata Knight Riders,2,1,SC Ganguly,BB McCullum,P Kumar,0,0,0,0
335982,1,Kolkata Knight Riders,2,2,SC Ganguly,BB McCullum,P Kumar,0,0,0,0
335982,1,Kolkata Knight Riders,2,3,SC Ganguly,BB McCullum,P Kumar,0,1,1,0
335982,1,Kolkata Knight Riders,2,4,BB McCullum,SC Ganguly,P Kumar,4,0,4,0
335982,1,Kolkata Knight Riders,2,5,BB McCullum,SC Ganguly,P Kumar,1,0,1,0
335982,1,Kolkata Knight Riders,2,6,SC Ganguly,BB McCullum,P Kumar,0,0,0,0
335982,1,Kolkata Knight Riders,3,1,BB McCullum,SC Ganguly,AA Noffke,0,5,5,5
335982,1,Kolkata Knight Riders,3,1,BB McCullum,SC Ganguly,AA Noffke,6,0,6,0
335982,1,Kolkata Knight Riders,3,2,BB McCullum,SC Ganguly,AA Noffke,0,1,1,0
335982,1,Kolkata Knight Riders,3,3,SC Ganguly,BB McCullum,AA Noffke,4,0,4,0
335982,1,Kolkata Knight Riders,3,4,SC Ganguly,BB McCullum,AA Noffke,0,0,0,0
335982,1,Kolkata Knight Riders,3,5,SC Ganguly,BB McCullum,AA Noffke,1,0,1,0
335982,1,Kolkata Knight Riders,3,6,BB McCullum,SC Ganguly,AA Noffke,6,0,6,0
335982,1,Kolkata Knight Riders,4,1,SC Ganguly,BB McCullum,P Kumar,4,0,4,0
335982,1,Kolkata Knight Riders,4,2,SC Ganguly,BB McCullum,P Kumar,1,0,1,0
335982,1,Kolkata Knight Riders,4,3,BB McCullum,SC Ganguly,P Kumar,4,0,4,0
335982,1,Kolkata Knight Riders,4,4,BB McCullum,SC Ganguly,P Kumar,0,0,0,0
335982,1,Kolkata Knight Riders,4,5,BB McCullum,SC Ganguly,P Kumar,1,0,1,0
335982,1,Kolkata Knight Riders,4,6,SC Ganguly,BB McCullum,P Kumar,0,0,0,0
335982,1,Kolkata Knight Riders,5,1,BB McCullum,SC Ganguly,Z Khan,1,0,1,0
335982,1,Kolkata Knight Riders,5,2,SC Ganguly,BB McCullum,Z Khan,0,0,0,0
335982,1,Kolkata Knight Riders,5,3,RT Ponting,BB McCullum,Z Khan,0,0,0,0
335982,1,Kolkata Knight Riders,5,4,RT Ponting,BB McCullum,Z Khan,0,0,0,0
335982,1,Kolkata Knight Riders,5,5,RT Ponting,BB McCullum,Z Khan,0,0,0,0
335982,1,Kolkata Knight Riders,5,6,RT Ponting,BB McCullum,Z Khan,0,0,0,0
335982,1,Kolkata Knight Riders,6,1,BB McCullum,RT Ponting,AA Noffke,1,0,1,0
335982,1,Kolkata Knight Riders,6,2,RT Ponting,BB McCullum,AA Noffke,1,0,1,0
335982,1,Kolkata Knight Riders,6,3,BB McCullum,RT Ponting,AA Noffke,1,0,1,0
335982,1,Kolkata Knight Riders,6,4,RT Ponting,BB McCullum,AA Noffke,2,0,2,0
335982,1,Kolkata Knight Riders,6,5,RT Ponting,BB McCullum,AA Noffke,1,0,1,0
335982,1,Kolkata Knight Riders,6,6,BB McCullum,RT Ponting,AA Noffke,1,0,1,0
335982,1,Kolkata Knight Riders,7,1,BB McCullum,RT Ponting,Z Khan,0,0,0,0
335982,1,Kolkata Knight Riders,7,2,BB McCullum,RT Ponting,Z Khan,1,0,1,0
335982,1,Kolkata Knight Riders,7,3,RT Ponting,BB McCullum,Z Khan,1,0,1,0
335982,1,Kolkata Knight Riders,7,4,BB McCullum,RT Ponting,Z Khan,1,0,1,0
335982,1,Kolkata Knight Riders,7,5,RT Ponting,BB McCullum,Z Khan,1,0,1,0
335982,1,Kolkata Knight Riders,7,6,BB McCullum,RT Ponting,Z Khan,1,0,1,0
335982,1,Kolkata Knight Riders,8,1,BB McCullum,RT Ponting,JH Kallis,0,0,0,0
335982,1,Kolkata Knight Riders,8,2,BB McCullum,RT Ponting,JH Kallis,0,0,0,0
335982,1,Kolkata Knight Riders,8,3,BB McCullum,RT Ponting,JH Kallis,0,0,0,0
335982,1,Kolkata Knight Riders,8,4,BB McCullum,RT Ponting,JH Kallis,1,0,1,0
335982,1,Kolkata Knight Riders,8,5,RT Ponting,BB McCullum,JH Kallis,1,0,1,0
335982,1,Kolkata Knight Riders,8,6,BB McCullum,RT Ponting,JH Kallis,2,0,2,0
335982,1,Kolkata Knight Riders,9,1,RT Ponting,BB McCullum,SB Joshi,1,0,1,0
335982,1,Kolkata Knight Riders,9,2,BB McCullum,RT Ponting,SB Joshi,1,0,1,0
335982,1,Kolkata Knight Riders,9,3,RT Ponting,BB McCullum,SB Joshi,1,0,1,0
335982,1,Kolkata Knight Riders,9,4,BB McCullum,RT Ponting,SB Joshi,0,0,0,0
335982,1,Kolkata Knight Riders,9,5,BB McCullum,RT Ponting,SB Joshi,6,0,6,0
335982,1,Kolkata Knight Riders,9,6,BB McCullum,RT Ponting,SB Joshi,1,0,1,0
335982,1,Kolkata Knight Riders,10,1,BB McCullum,RT Ponting,JH Kallis,1,0,1,0
335982,1,Kolkata Knight Riders,10,2,RT Ponting,BB McCullum,JH Kallis,4,0,4,0
335982,1,Kolkata Knight Riders,10,3,RT Ponting,BB McCullum,JH Kallis,0,0,0,0
335982,1,Kolkata Knight Riders,10,4,RT Ponting,BB McCullum,JH Kallis,6,0,6,0
335982,1,Kolkata Knight Riders,10,5,RT Ponting,BB McCullum,JH Kallis,0,0,0,0
335982,1,Kolkata Knight Riders,10,6,RT Ponting,BB McCullum,JH Kallis,0,4,4,0
335982,1,Kolkata Knight Riders,11,1,BB McCullum,RT Ponting,SB Joshi,0,0,0,0
335982,1,Kolkata Knight Riders,11,2,BB McCullum,RT Ponting,SB Joshi,6,0,6,0
335982,1,Kolkata Knight Riders,11,3,BB McCullum,RT Ponting,SB Joshi,2,0,2,0
335982,1,Kolkata Knight Riders,11,4,BB McCullum,RT Ponting,SB Joshi,1,0,1,0
335982,1,Kolkata Knight Riders,11,5,RT Ponting,BB McCullum,SB Joshi,0,0,0,0
335982,1,Kolkata Knight Riders,11,6,RT Ponting,BB McCullum,SB Joshi,1,0,1,0
335982,1,Kolkata Knight Riders,12,1,RT Ponting,BB McCullum,JH Kallis,0,0,0,0
335982,1,Kolkata Knight Riders,12,2,BB McCullum,DJ Hussey,JH Kallis,4,0,4,0
335982,1,Kolkata Knight Riders,12,3,BB McCullum,DJ Hussey,JH Kallis,0,0,0,0
335982,1,Kolkata Knight Riders,12,4,BB McCullum,DJ Hussey,JH Kallis,2,0,2,0
335982,1,Kolkata Knight Riders,12,5,BB McCullum,DJ Hussey,JH Kallis,0,1,1,1
335982,1,Kolkata Knight Riders,12,5,BB McCullum,DJ Hussey,JH Kallis,4,0,4,0
335982,1,Kolkata Knight Riders,12,6,BB McCullum,DJ Hussey,JH Kallis,1,0,1,0
335982,1,Kolkata Knight Riders,13,1,BB McCullum,DJ Hussey,SB Joshi,1,0,1,0
335982,1,Kolkata Knight Riders,13,2,DJ Hussey,BB McCullum,SB Joshi,0,0,0,0
335982,1,Kolkata Knight Riders,13,3,DJ Hussey,BB McCullum,SB Joshi,1,0,1,0
335982,1,Kolkata Knight Riders,13,4,BB McCullum,DJ Hussey,SB Joshi,1,0,1,0
335982,1,Kolkata Knight Riders,13,5,DJ Hussey,BB McCullum,SB Joshi,1,0,1,0
335982,1,Kolkata Knight Riders,13,6,BB McCullum,DJ Hussey,SB Joshi,2,0,2,0
335982,1,Kolkata Knight Riders,14,1,DJ Hussey,BB McCullum,CL White,4,0,4,0
335982,1,Kolkata Knight Riders,14,2,DJ Hussey,BB McCullum,CL White,1,0,1,0
335982,1,Kolkata Knight Riders,14,3,BB McCullum,DJ Hussey,CL White,6,0,6,0
335982,1,Kolkata Knight Riders,14,4,BB McCullum,DJ Hussey,CL White,4,0,4,0
335982,1,Kolkata Knight Riders,14,5,BB McCullum,DJ Hussey,CL White,0,2,2,2
335982,1,Kolkata Knight Riders,14,5,DJ Hussey,BB McCullum,CL White,1,0,1,0
335982,1,Kolkata Knight Riders,14,6,BB McCullum,DJ Hussey,CL White,6,0,6,0
335982,1,Kolkata Knight Riders,15,1,DJ Hussey,BB McCullum,AA Noffke,0,0,0,0
335982,1,Kolkata Knight Riders,15,2,DJ Hussey,BB McCullum,AA Noffke,1,0,1,0
335982,1,Kolkata Knight Riders,15,3,BB McCullum,DJ Hussey,AA Noffke,2,0,2,0
335982,1,Kolkata Knight Riders,15,4,BB McCullum,DJ Hussey,AA Noffke,0,0,0,0
335982,1,Kolkata Knight Riders,15,5,BB McCullum,DJ Hussey,AA Noffke,1,0,1,0
335982,1,Kolkata Knight Riders,15,6,DJ Hussey,BB McCullum,AA Noffke,0,0,0,0
335982,1,Kolkata Knight Riders,16,1,BB McCullum,DJ Hussey,Z Khan,1,0,1,0
335982,1,Kolkata Knight Riders,16,2,DJ Hussey,BB McCullum,Z Khan,2,0,2,0
335982,1,Kolkata Knight Riders,16,3,DJ Hussey,BB McCullum,Z Khan,1,0,1,0
335982,1,Kolkata Knight Riders,16,4,BB McCullum,DJ Hussey,Z Khan,6,0,6,0
335982,1,Kolkata Knight Riders,16,5,BB McCullum,DJ Hussey,Z Khan,2,0,2,0
335982,1,Kolkata Knight Riders,16,6,BB McCullum,DJ Hussey,Z Khan,2,0,2,0
335982,1,Kolkata Knight Riders,17,1,DJ Hussey,BB McCullum,AA Noffke,0,0,0,0
335982,1,Kolkata Knight Riders,17,2,BB McCullum,Mohammad Hafeez,AA Noffke,1,0,1,0
335982,1,Kolkata Knight Riders,17,3,Mohammad Hafeez,BB McCullum,AA Noffke,0,0,0,0
335982,1,Kolkata Knight Riders,17,4,Mohammad Hafeez,BB McCullum,AA Noffke,1,0,1,0
335982,1,Kolkata Knight Riders,17,5,BB McCullum,Mohammad Hafeez,AA Noffke,4,0,4,0
335982,1,Kolkata Knight Riders,17,6,BB McCullum,Mohammad Hafeez,AA Noffke,1,0,1,0
335982,1,Kolkata Knight Riders,18,1,BB McCullum,Mohammad Hafeez,JH Kallis,6,0,6,0
335982,1,Kolkata Knight Riders,18,2,BB McCullum,Mohammad Hafeez,JH Kallis,0,0,0,0
335982,1,Kolkata Knight Riders,18,3,BB McCullum,Mohammad Hafeez,JH Kallis,6,0,6,0
335982,1,Kolkata Knight Riders,18,4,BB McCullum,Mohammad Hafeez,JH Kallis,4,0,4,0
335982,1,Kolkata Knight Riders,18,5,BB McCullum,Mohammad Hafeez,JH Kallis,1,0,1,0
335982,1,Kolkata Knight Riders,18,6,Mohammad Hafeez,BB McCullum,JH Kallis,4,0,4,0
335982,1,Kolkata Knight Riders,19,1,BB McCullum,Mohammad Hafeez,P Kumar,6,0,6,0
335982,1,Kolkata Knight Riders,19,2,BB McCullum,Mohammad Hafeez,P Kumar,6,0,6,0
335982,1,Kolkata Knight Riders,19,3,BB McCullum,Mohammad Hafeez,P Kumar,2,0,2,0
335982,1,Kolkata Knight Riders,19,4,BB McCullum,Mohammad Hafeez,P Kumar,0,0,0,0
335982,1,Kolkata Knight Riders,19,5,BB McCullum,Mohammad Hafeez,P Kumar,2,0,2,0
335982,1,Kolkata Knight Riders,19,6,BB McCullum,Mohammad Hafeez,P Kumar,6,0,6,0
335982,2,Royal Challengers Bangalore,0,1,R Dravid,W Jaffer,AB Dinda,1,0,1,0
335982,2,Royal Challengers Bangalore,0,2,W Jaffer,R Dravid,AB Dinda,0,1,1,1
335982,2,Royal Challengers Bangalore,0,2,W Jaffer,R Dravid,AB Dinda,0,0,0,0
335982,2,Royal Challengers Bangalore,0,3,W Jaffer,R Dravid,AB Dinda,1,0,1,0
335982,2,Royal Challengers Bangalore,0,4,R Dravid,W Jaffer,AB Dinda,1,0,1,0
335982,2,Royal Challengers Bangalore,0,5,W Jaffer,R Dravid,AB Dinda,0,0,0,0
335982,2,Royal Challengers Bangalore,0,6,W Jaffer,R Dravid,AB Dinda,0,0,0,0
335982,2,Royal Challengers Bangalore,1,1,R Dravid,W Jaffer,I Sharma,0,0,0,0
335982,2,Royal Challengers Bangalore,1,2,V Kohli,W Jaffer,I Sharma,0,0,0,0
335982,2,Royal Challengers Bangalore,1,3,V Kohli,W Jaffer,I Sharma,0,4,4,0
335982,2,Royal Challengers Bangalore,1,4,V Kohli,W Jaffer,I Sharma,1,0,1,0
335982,2,Royal Challengers Bangalore,1,5,W Jaffer,V Kohli,I Sharma,0,0,0,0
335982,2,Royal Challengers Bangalore,1,6,W Jaffer,V Kohli,I Sharma,0,0,0,0
335982,2,Royal Challengers Bangalore,2,1,V Kohli,W Jaffer,AB Dinda,0,0,0,0
335982,2,Royal Challengers Bangalore,2,2,V Kohli,W Jaffer,AB Dinda,0,0,0,0
335982,2,Royal Challengers Bangalore,2,3,JH Kallis,W Jaffer,AB Dinda,1,0,1,0
335982,2,Royal Challengers Bangalore,2,4,W Jaffer,JH Kallis,AB Dinda,0,0,0,0
335982,2,Royal Challengers Bangalore,2,5,W Jaffer,JH Kallis,AB Dinda,0,1,1,1
335982,2,Royal Challengers Bangalore,2,5,W Jaffer,JH Kallis,AB Dinda,0,0,0,0
335982,2,Royal Challengers Bangalore,2,6,W Jaffer,JH Kallis,AB Dinda,1,0,1,0
335982,2,Royal Challengers Bangalore,3,1,W Jaffer,JH Kallis,I Sharma,2,0,2,0
335982,2,Royal Challengers Bangalore,3,2,W Jaffer,JH Kallis,I Sharma,1,0,1,0
335982,2,Royal Challengers Bangalore,3,3,JH Kallis,W Jaffer,I Sharma,0,0,0,0
335982,2,Royal Challengers Bangalore,3,4,JH Kallis,W Jaffer,I Sharma,0,1,1,0
335982,2,Royal Challengers Bangalore,3,5,W Jaffer,JH Kallis,I Sharma,0,0,0,0
335982,2,Royal Challengers Bangalore,3,6,W Jaffer,JH Kallis,I Sharma,0,0,0,0
335982,2,Royal Challengers Bangalore,4,1,JH Kallis,W Jaffer,AB Agarkar,1,0,1,0
335982,2,Royal Challengers Bangalore,4,2,W Jaffer,JH Kallis,AB Agarkar,1,0,1,0
335982,2,Royal Challengers Bangalore,4,3,JH Kallis,W Jaffer,AB Agarkar,0,0,0,0
335982,2,Royal Challengers Bangalore,4,4,JH Kallis,W Jaffer,AB Agarkar,6,0,6,0
335982,2,Royal Challengers Bangalore,4,5,JH Kallis,W Jaffer,AB Agarkar,0,0,0,0
335982,2,Royal Challengers Bangalore,4,6,CL White,W Jaffer,AB Agarkar,0,0,0,0
335982,2,Royal Challengers Bangalore,5,1,W Jaffer,CL White,AB Dinda,0,0,0,0
335982,2,Royal Challengers Bangalore,5,2,W Jaffer,CL White,AB Dinda,0,0,0,0
335982,2,Royal Challengers Bangalore,5,3,MV Boucher,CL White,AB Dinda,0,0,0,0
335982,2,Royal Challengers Bangalore,5,4,MV Boucher,CL White,AB Dinda,1,0,1,0
335982,2,Royal Challengers Bangalore,5,5,CL White,MV Boucher,AB Dinda,1,0,1,0
335982,2,Royal Challengers Bangalore,5,6,MV Boucher,CL White,AB Dinda,0,0,0,0
335982,2,Royal Challengers Bangalore,6,1,CL White,MV Boucher,AB Agarkar,0,0,0,0
335982,2,Royal Challengers Bangalore,6,2,CL White,MV Boucher,AB Agarkar,0,0,0,0
335982,2,Royal Challengers Bangalore,6,3,CL White,MV Boucher,AB Agarkar,1,0,1,0
335982,2,Royal Challengers Bangalore,6,4,MV Boucher,CL White,AB Agarkar,0,1,1,1
335982,2,Royal Challengers Bangalore,6,4,MV Boucher,CL White,AB Agarkar,0,1,1,1
335982,2,Royal Challengers Bangalore,6,4,MV Boucher,CL White,AB Agarkar,0,0,0,0
335982,2,Royal Challengers Bangalore,6,5,MV Boucher,CL White,AB Agarkar,0,0,0,0
335982,2,Royal Challengers Bangalore,6,6,MV Boucher,CL White,AB Agarkar,4,0,4,0
335982,2,Royal Challengers Bangalore,7,1,CL White,MV Boucher,SC Ganguly,1,0,1,0
335982,2,Royal Challengers Bangalore,7,2,MV Boucher,CL White,SC Ganguly,0,1,1,0
335982,2,Royal Challengers Bangalore,7,3,CL White,MV Boucher,SC Ganguly,1,0,1,0
335982,2,Royal Challengers Bangalore,7,4,MV Boucher,CL White,SC Ganguly,2,0,2,0
335982,2,Royal Challengers Bangalore,7,5,MV Boucher,CL White,SC Ganguly,0,0,0,0
335982,2,Royal Challengers Bangalore,7,6,CL White,B Akhil,SC Ganguly,0,0,0,0
335982,2,Royal Challengers Bangalore,8,1,B Akhil,CL White,AB Agarkar,0,0,0,0
335982,2,Royal Challengers Bangalore,8,2,B Akhil,CL White,AB Agarkar,0,0,0,0
335982,2,Royal Challengers Bangalore,8,3,AA Noffke,CL White,AB Agarkar,0,0,0,0
335982,2,Royal Challengers Bangalore,8,4,AA Noffke,CL White,AB Agarkar,0,1,1,1
335982,2,Royal Challengers Bangalore,8,4,AA Noffke,CL White,AB Agarkar,0,1,1,1
335982,2,Royal Challengers Bangalore,8,4,AA Noffke,CL White,AB Agarkar,1,0,1,0
335982,2,Royal Challengers Bangalore,8,5,CL White,AA Noffke,AB Agarkar,2,0,2,0
335982,2,Royal Challengers Bangalore,8,6,CL White,AA Noffke,AB Agarkar,0,0,0,0
335982,2,Royal Challengers Bangalore,9,1,AA Noffke,P Kumar,SC Ganguly,1,0,1,0
335982,2,Royal Challengers Bangalore,9,2,P Kumar,AA Noffke,SC Ganguly,0,0,0,0
335982,2,Royal Challengers Bangalore,9,3,P Kumar,AA Noffke,SC Ganguly,0,0,0,0
335982,2,Royal Challengers Bangalore,9,4,P Kumar,AA Noffke,SC Ganguly,0,1,1,1
335982,2,Royal Challengers Bangalore,9,4,P Kumar,AA Noffke,SC Ganguly,0,1,1,0
335982,2,Royal Challengers Bangalore,9,5,AA Noffke,P Kumar,SC Ganguly,4,0,4,0
335982,2,Royal Challengers Bangalore,9,6,AA Noffke,P Kumar,SC Ganguly,1,0,1,0
335982,2,Royal Challengers Bangalore,10,1,AA Noffke,P Kumar,AB Agarkar,0,0,0,0
335982,2,Royal Challengers Bangalore,10,2,AA Noffke,P Kumar,AB Agarkar,0,0,0,0
335982,2,Royal Challengers Bangalore,10,3,AA Noffke,P Kumar,AB Agarkar,0,0,0,0
335982,2,Royal Challengers Bangalore,10,4,AA Noffke,P Kumar,AB Agarkar,1,0,1,0
335982,2,Royal Challengers Bangalore,10,5,P Kumar,AA Noffke,AB Agarkar,4,0,4,0
335982,2,Royal Challengers Bangalore,10,6,P Kumar,AA Noffke,AB Agarkar,0,0,0,0
335982,2,Royal Challengers Bangalore,11,1,AA Noffke,P Kumar,SC Ganguly,1,0,1,0
335982,2,Royal Challengers Bangalore,11,2,Z Khan,P Kumar,SC Ganguly,0,0,0,0
335982,2,Royal Challengers Bangalore,11,3,Z Khan,P Kumar,SC Ganguly,0,0,0,0
335982,2,Royal Challengers Bangalore,11,4,Z Khan,P Kumar,SC Ganguly,1,0,1,0
335982,2,Royal Challengers Bangalore,11,5,P Kumar,Z Khan,SC Ganguly,0,0,0,0
335982,2,Royal Challengers Bangalore,11,6,P Kumar,Z Khan,SC Ganguly,1,0,1,0
335982,2,Royal Challengers Bangalore,12,1,P Kumar,Z Khan,LR Shukla,6,0,6,0
335982,2,Royal Challengers Bangalore,12,2,P Kumar,Z Khan,LR Shukla,0,2,2,2
335982,2,Royal Challengers Bangalore,12,2,Z Khan,P Kumar,LR Shukla,1,0,1,0
335982,2,Royal Challengers Bangalore,12,3,P Kumar,Z Khan,LR Shukla,1,0,1,0
335982,2,Royal Challengers Bangalore,12,4,Z Khan,P Kumar,LR Shukla,0,0,0,0
335982,2,Royal Challengers Bangalore,12,5,Z Khan,P Kumar,LR Shukla,0,0,0,0
335982,2,Royal Challengers Bangalore,12,6,Z Khan,P Kumar,LR Shukla,1,0,1,0
335982,2,Royal Challengers Bangalore,13,1,Z Khan,P Kumar,SC Ganguly,0,0,0,0
335982,2,Royal Challengers Bangalore,13,2,SB Joshi,P Kumar,SC Ganguly,1,0,1,0
335982,2,Royal Challengers Bangalore,13,3,P Kumar,SB Joshi,SC Ganguly,0,0,0,0
335982,2,Royal Challengers Bangalore,13,4,P Kumar,SB Joshi,SC Ganguly,0,0,0,0
335982,2,Royal Challengers Bangalore,13,5,P Kumar,SB Joshi,SC Ganguly,0,0,0,0
335982,2,Royal Challengers Bangalore,13,6,P Kumar,SB Joshi,SC Ganguly,6,0,6,0
335982,2,Royal Challengers Bangalore,14,1,SB Joshi,P Kumar,I Sharma,0,1,1,1
335982,2,Royal Challengers Bangalore,14,1,SB Joshi,P Kumar,I Sharma,0,0,0,0
335982,2,Royal Challengers Bangalore,14,2,SB Joshi,P Kumar,I Sharma,0,0,0,0
335982,2,Royal Challengers Bangalore,14,3,SB Joshi,P Kumar,I Sharma,1,0,1,0
335982,2,Royal Challengers Bangalore,14,4,P Kumar,SB Joshi,I Sharma,0,1,1,0
335982,2,Royal Challengers Bangalore,14,5,SB Joshi,P Kumar,I Sharma,1,0,1,0
335982,2,Royal Challengers Bangalore,14,6,P Kumar,SB Joshi,I Sharma,0,0,0,0
335982,2,Royal Challengers Bangalore,15,1,SB Joshi,P Kumar,LR Shukla,0,1,1,1
335982,2,Royal Challengers Bangalore,15,1,SB Joshi,P Kumar,LR Shukla,0,0,0,0
335987,1,Kings XI Punjab,0,1,K Goel,JR Hopes,MM Patel,0,0,0,0
335987,1,Kings XI Punjab,0,2,K Goel,JR Hopes,MM Patel,0,0,0,0
335987,1,Kings XI Punjab,0,3,K Goel,JR Hopes,MM Patel,0,0,0,0
335987,1,Kings XI Punjab,0,4,K Goel,JR Hopes,MM Patel,0,0,0,0
335987,1,Kings XI Punjab,0,5,K Goel,JR Hopes,MM Patel,1,0,1,0
335987,1,Kings XI Punjab,0,6,JR Hopes,K Goel,MM Patel,0,0,0,0
335987,1,Kings XI Punjab,1,1,K Goel,JR Hopes,SR Watson,4,0,4,0
335987,1,Kings XI Punjab,1,2,K Goel,JR Hopes,SR Watson,0,0,0,0
335987,1,Kings XI Punjab,1,3,K Goel,JR Hopes,SR Watson,0,0,0,0
335987,1,Kings XI Punjab,1,4,K Goel,JR Hopes,SR Watson,0,0,0,0
335987,1,Kings XI Punjab,1,5,K Goel,JR Hopes,SR Watson,1,0,1,0
335987,1,Kings XI Punjab,1,6,JR Hopes,K Goel,SR Watson,0,0,0,0
335987,1,Kings XI Punjab,2,1,K Goel,JR Hopes,MM Patel,4,0,4,0
335987,1,Kings XI Punjab,2,2,K Goel,JR Hopes,MM Patel,0,0,0,0
335987,1,Kings XI Punjab,2,3,K Goel,JR Hopes,MM Patel,0,0,0,0
335987,1,Kings XI Punjab,2,4,K Goel,JR Hopes,MM Patel,6,0,6,0
335987,1,Kings XI Punjab,2,5,K Goel,JR Hopes,MM Patel,0,0,0,0
335987,1,Kings XI Punjab,2,6,K Goel,JR Hopes,MM Patel,0,0,0,0
335987,1,Kings XI Punjab,3,1,JR Hopes,K Goel,SR Watson,4,0,4,0
335987,1,Kings XI Punjab,3,2,JR Hopes,K Goel,SR Watson,0,0,0,0
335987,1,Kings XI Punjab,3,3,JR Hopes,K Goel,SR Watson,0,0,0,0
335987,1,Kings XI Punjab,3,4,JR Hopes,K Goel,SR Watson,0,0,0,0
335987,1,Kings XI Punjab,3,5,JR Hopes,K Goel,SR Watson,4,0,4,0
335987,1,Kings XI Punjab,3,6,JR Hopes,K Goel,SR Watson,0,0,0,0
335987,1,Kings XI Punjab,4,1,K Goel,JR Hopes,MM Patel,0,0,0,0
335987,1,Kings XI Punjab,4,2,K Goel,JR Hopes,MM Patel,0,0,0,0
335987,1,Kings XI Punjab,4,3,K Goel,JR Hopes,MM Patel,4,0,4,0
335987,1,Kings XI Punjab,4,4,K Goel,JR Hopes,MM Patel,6,0,6,0
335987,1,Kings XI Punjab,4,5,K Goel,JR Hopes,MM Patel,0,0,0,0
335987,1,Kings XI Punjab,4,6,KC Sangakkara,JR Hopes,MM Patel,4,0,4,0
335987,1,Kings XI Punjab,5,1,JR Hopes,KC Sangakkara,SK Trivedi,1,0,1,0
335987,1,Kings XI Punjab,5,2,KC Sangakkara,JR Hopes,SK Trivedi,6,0,6,0
335987,1,Kings XI Punjab,5,3,KC Sangakkara,JR Hopes,SK Trivedi,4,0,4,0
335987,1,Kings XI Punjab,5,4,KC Sangakkara,JR Hopes,SK Trivedi,4,0,4,0
335987,1,Kings XI Punjab,5,5,KC Sangakkara,JR Hopes,SK Trivedi,0,0,0,0
335987,1,Kings XI Punjab,5,6,KC Sangakkara,JR Hopes,SK Trivedi,1,0,1,0
335987,1,Kings XI Punjab,6,1,KC Sangakkara,JR Hopes,SK Warne,1,0,1,0
335987,1,Kings XI Punjab,6,2,JR Hopes,KC Sangakkara,SK Warne,1,0,1,0
335987,1,Kings XI Punjab,6,3,KC Sangakkara,JR Hopes,SK Warne,0,0,0,0
335987,1,Kings XI Punjab,6,4,DPMD Jayawardene,JR Hopes,SK Warne,0,0,0,0
335987,1,Kings XI Punjab,6,5,DPMD Jayawardene,JR Hopes,SK Warne,1,0,1,0
335987,1,Kings XI Punjab,6,6,JR Hopes,DPMD Jayawardene,SK Warne,2,0,2,0
335987,1,Kings XI Punjab,7,1,DPMD Jayawardene,JR Hopes,D Salunkhe,0,1,1,1
335987,1,Kings XI Punjab,7,1,DPMD Jayawardene,JR Hopes,D Salunkhe,1,0,1,0
335987,1,Kings XI Punjab,7,2,JR Hopes,DPMD Jayawardene,D Salunkhe,3,0,3,0
335987,1,Kings XI Punjab,7,3,DPMD Jayawardene,JR Hopes,D Salunkhe,0,0,0,0
335987,1,Kings XI Punjab,7,4,Yuvraj Singh,JR Hopes,D Salunkhe,4,0,4,0
335987,1,Kings XI Punjab,7,5,Yuvraj Singh,JR Hopes,D Salunkhe,0,1,1,1
335987,1,Kings XI Punjab,7,5,Yuvraj Singh,JR Hopes,D Salunkhe,0,1,1,0
335987,1,Kings XI Punjab,8,1,Yuvraj Singh,JR Hopes,SK Warne,1,0,1,0
335987,1,Kings XI Punjab,8,2,JR Hopes,Yuvraj Singh,SK Warne,0,0,0,0
335987,1,Kings XI Punjab,8,3,JR Hopes,Yuvraj Singh,SK Warne,1,0,1,0
335987,1,Kings XI Punjab,8,4,Yuvraj Singh,JR Hopes,SK Warne,1,0,1,0
335987,1,Kings XI Punjab,8,5,JR Hopes,Yuvraj Singh,SK Warne,0,0,0,0
335987,1,Kings XI Punjab,8,6,JR Hopes,Yuvraj Singh,SK Warne,0,0,0,0
335987,1,Kings XI Punjab,9,1,Yuvraj Singh,IK Pathan,SR Watson,0,0,0,0
335987,1,Kings XI Punjab,9,2,Yuvraj Singh,IK Pathan,SR Watson,4,0,4,0
335987,1,Kings XI Punjab,9,3,Yuvraj Singh,IK Pathan,SR Watson,4,0,4,0
335987,1,Kings XI Punjab,9,4,Yuvraj Singh,IK Pathan,SR Watson,1,0,1,0
335987,1,Kings XI Punjab,9,5,IK Pathan,Yuvraj Singh,SR Watson,0,0,0,0
335987,1,Kings XI Punjab,9,6,IK Pathan,Yuvraj Singh,SR Watson,0,0,0,0
335987,1,Kings XI Punjab,10,1,Yuvraj Singh,IK Pathan,SK Warne,1,0,1,0
335987,1,Kings XI Punjab,10,2,IK Pathan,Yuvraj Singh,SK Warne,1,0,1,0
335987,1,Kings XI Punjab,10,3,Yuvraj Singh,IK Pathan,SK Warne,0,0,0,0
335987,1,Kings XI Punjab,10,4,Yuvraj Singh,IK Pathan,SK Warne,0,0,0,0
335987,1,Kings XI Punjab,10,5,Yuvraj Singh,IK Pathan,SK Warne,1,0,1,0
335987,1,Kings XI Punjab,10,6,IK Pathan,Yuvraj Singh,SK Warne,0,0,0,0
335987,1,Kings XI Punjab,11,1,Yuvraj Singh,IK Pathan,Pankaj Singh,1,0,1,0
335987,1,Kings XI Punjab,11,2,IK Pathan,Yuvraj Singh,Pankaj Singh,1,0,1,0
335987,1,Kings XI Punjab,11,3,Yuvraj Singh,IK Pathan,Pankaj Singh,1,0,1,0
335987,1,Kings XI Punjab,11,4,IK Pathan,Yuvraj Singh,Pankaj Singh,1,0,1,0
335987,1,Kings XI Punjab,11,5,Yuvraj Singh,IK Pathan,Pankaj Singh,4,0,4,0
335987,1,Kings XI Punjab,11,6,Yuvraj Singh,IK Pathan,Pankaj Singh,4,0,4,0
335987,1,Kings XI Punjab,12,1,IK Pathan,Yuvraj Singh,SK Trivedi,1,0,1,0
335987,1,Kings XI Punjab,12,2,Yuvraj Singh,IK Pathan,SK Trivedi,0,0,0,0
335987,1,Kings XI Punjab,12,3,Yuvraj Singh,IK Pathan,SK Trivedi,0,0,0,0
335987,1,Kings XI Punjab,12,4,Yuvraj Singh,IK Pathan,SK Trivedi,2,0,2,0
335987,1,Kings XI Punjab,12,5,Yuvraj Singh,IK Pathan,SK Trivedi,1,0,1,0
335987,1,Kings XI Punjab,12,6,IK Pathan,Yuvraj Singh,SK Trivedi,0,0,0,0
335987,1,Kings XI Punjab,13,1,Yuvraj Singh,IK Pathan,D Salunkhe,6,0,6,0
335987,1,Kings XI Punjab,13,2,Yuvraj Singh,IK Pathan,D Salunkhe,0,0,0,0
335987,1,Kings XI Punjab,13,3,Yuvraj Singh,IK Pathan,D Salunkhe,4,0,4,0
335987,1,Kings XI Punjab,13,4,Yuvraj Singh,IK Pathan,D Salunkhe,1,0,1,0
335987,1,Kings XI Punjab,13,5,IK Pathan,Yuvraj Singh,D Salunkhe,0,0,0,0
335987,1,Kings XI Punjab,13,6,IK Pathan,Yuvraj Singh,D Salunkhe,0,0,0,0
335987,1,Kings XI Punjab,14,1,Yuvraj Singh,IK Pathan,SK Trivedi,1,0,1,0
335987,1,Kings XI Punjab,14,2,IK Pathan,Yuvraj Singh,SK Trivedi,0,0,0,0
335987,1,Kings XI Punjab,14,3,IK Pathan,Yuvraj Singh,SK Trivedi,0,0,0,0
335987,1,Kings XI Punjab,14,4,IK Pathan,Yuvraj Singh,SK Trivedi,1,0,1,0
335987,1,Kings XI Punjab,14,5,Yuvraj Singh,IK Pathan,SK Trivedi,0,0,0,0
335987,1,Kings XI Punjab,14,6,Yuvraj Singh,IK Pathan,SK Trivedi,1,0,1,0
335987,1,Kings XI Punjab,15,1,Yuvraj Singh,IK Pathan,YK Pathan,6,0,6,0
335987,1,Kings XI Punjab,15,2,Yuvraj Singh,IK Pathan,YK Pathan,6,0,6,0
335987,1,Kings XI Punjab,15,3,Yuvraj Singh,IK Pathan,YK Pathan,0,0,0,0
335987,1,Kings XI Punjab,15,4,Yuvraj Singh,IK Pathan,YK Pathan,1,0,1,0
335987,1,Kings XI Punjab,15,5,IK Pathan,Yuvraj Singh,YK Pathan,0,0,0,0
335987,1,Kings XI Punjab,15,6,IK Pathan,Yuvraj Singh,YK Pathan,0,0,0,0
335987,1,Kings XI Punjab,16,1,Yuvraj Singh,IK Pathan,SK Warne,0,0,0,0
335987,1,Kings XI Punjab,16,2,Yuvraj Singh,IK Pathan,SK Warne,1,0,1,0
335987,1,Kings XI Punjab,16,3,IK Pathan,Yuvraj Singh,SK Warne,6,0,6,0
335987,1,Kings XI Punjab,16,4,IK Pathan,Yuvraj Singh,SK Warne,1,0,1,0
335987,1,Kings XI Punjab,16,5,Yuvraj Singh,IK Pathan,SK Warne,0,0,0,0
335987,1,Kings XI Punjab,16,6,S Sohal,IK Pathan,SK Warne,0,0,0,0
335987,1,Kings XI Punjab,17,1,IK Pathan,S Sohal,SK Trivedi,0,0,0,0
335987,1,Kings XI Punjab,17,2,IK Pathan,S Sohal,SK Trivedi,0,0,0,0
335987,1,Kings XI Punjab,17,3,B Lee,S Sohal,SK Trivedi,0,0,0,0
335987,1,Kings XI Punjab,17,4,B Lee,S Sohal,SK Trivedi,0,0,0,0
335987,1,Kings XI Punjab,17,5,PP Chawla,S Sohal,SK Trivedi,0,0,0,0
335987,1,Kings XI Punjab,17,6,PP Chawla,S Sohal,SK Trivedi,2,0,2,0
335987,1,Kings XI Punjab,18,1,S Sohal,PP Chawla,MM Patel,2,0,2,0
335987,1,Kings XI Punjab,18,2,S Sohal,PP Chawla,MM Patel,1,0,1,0
335987,1,Kings XI Punjab,18,3,PP Chawla,S Sohal,MM Patel,4,0,4,0
335987,1,Kings XI Punjab,18,4,PP Chawla,S Sohal,MM Patel,2,0,2,0
335987,1,Kings XI Punjab,18,5,PP Chawla,S Sohal,MM Patel,1,0,1,0
335987,1,Kings XI Punjab,18,6,S Sohal,PP Chawla,MM Patel,1,0,1,0
335987,1,Kings XI Punjab,19,1,PP Chawla,WA Mota,SR Watson,4,0,4,0
335987,1,Kings XI Punjab,19,2,PP Chawla,WA Mota,SR Watson,1,1,2,0
335987,1,Kings XI Punjab,19,2,WA Mota,PP Chawla,SR Watson,1,0,1,0
335987,1,Kings XI Punjab,19,3,PP Chawla,WA Mota,SR Watson,0,0,0,0
335987,1,Kings XI Punjab,19,4,PP Chawla,WA Mota,SR Watson,2,0,2,0
335987,1,Kings XI Punjab,19,5,PP Chawla,WA Mota,SR Watson,4,0,4,0
335987,1,Kings XI Punjab,19,6,PP Chawla,WA Mota,SR Watson,4,0,4,0
335987,2,Rajasthan Royals,0,1,M Kaif,Kamran Akmal,B Lee,0,0,0,0
335987,2,Rajasthan Royals,0,2,M Kaif,Kamran Akmal,B Lee,0,1,1,0
335987,2,Rajasthan Royals,0,2,M Kaif,Kamran Akmal,B Lee,0,0,0,0
335987,2,Rajasthan Royals,0,3,M Kaif,Kamran Akmal,B Lee,0,0,0,0
335987,2,Rajasthan Royals,0,4,M Kaif,Kamran Akmal,B Lee,0,0,0,0
335987,2,Rajasthan Royals,0,5,M Kaif,Kamran Akmal,B Lee,4,0,4,0
335987,2,Rajasthan Royals,0,6,M Kaif,Kamran Akmal,B Lee,1,0,1,0
335987,2,Rajasthan Royals,1,1,M Kaif,Kamran Akmal,S Sreesanth,0,0,0,0
335987,2,Rajasthan Royals,1,2,YK Pathan,Kamran Akmal,S Sreesanth,0,1,1,1
335987,2,Rajasthan Royals,1,2,YK Pathan,Kamran Akmal,S Sreesanth,0,0,0,0
335987,2,Rajasthan Royals,1,3,YK Pathan,Kamran Akmal,S Sreesanth,1,0,1,0
335987,2,Rajasthan Royals,1,4,Kamran Akmal,YK Pathan,S Sreesanth,0,0,0,0
335987,2,Rajasthan Royals,1,5,Kamran Akmal,YK Pathan,S Sreesanth,0,0,0,0
335987,2,Rajasthan Royals,1,6,Kamran Akmal,YK Pathan,S Sreesanth,4,1,5,0
335987,2,Rajasthan Royals,1,6,Kamran Akmal,YK Pathan,S Sreesanth,0,0,0,0
335987,2,Rajasthan Royals,2,1,YK Pathan,Kamran Akmal,B Lee,2,0,2,0
335987,2,Rajasthan Royals,2,2,YK Pathan,Kamran Akmal,B Lee,4,0,4,0
335987,2,Rajasthan Royals,2,3,YK Pathan,Kamran Akmal,B Lee,0,0,0,0
335987,2,Rajasthan Royals,2,4,Kamran Akmal,SR Watson,B Lee,1,0,1,0
335987,2,Rajasthan Royals,2,5,SR Watson,Kamran Akmal,B Lee,1,1,2,0
335987,2,Rajasthan Royals,2,5,Kamran Akmal,SR Watson,B Lee,0,0,0,0
335987,2,Rajasthan Royals,2,6,Kamran Akmal,SR Watson,B Lee,6,0,6,0
335987,2,Rajasthan Royals,3,1,SR Watson,Kamran Akmal,S Sreesanth,0,1,1,1
335987,2,Rajasthan Royals,3,1,SR Watson,Kamran Akmal,S Sreesanth,0,0,0,0
335987,2,Rajasthan Royals,3,2,SR Watson,Kamran Akmal,S Sreesanth,0,0,0,0
335987,2,Rajasthan Royals,3,3,SR Watson,Kamran Akmal,S Sreesanth,2,0,2,0
335987,2,Rajasthan Royals,3,4,SR Watson,Kamran Akmal,S Sreesanth,0,1,1,1
335987,2,Rajasthan Royals,3,4,SR Watson,Kamran Akmal,S Sreesanth,6,0,6,0
335987,2,Rajasthan Royals,3,5,SR Watson,Kamran Akmal,S Sreesanth,0,0,0,0
335987,2,Rajasthan Royals,3,6,SR Watson,Kamran Akmal,S Sreesanth,4,0,4,0
335987,2,Rajasthan Royals,4,1,Kamran Akmal,SR Watson,JR Hopes,0,1,1,0
335987,2,Rajasthan Royals,4,2,SR Watson,Kamran Akmal,JR Hopes,0,0,0,0
335987,2,Rajasthan Royals,4,3,SR Watson,Kamran Akmal,JR Hopes,1,0,1,0
335987,2,Rajasthan Royals,4,4,Kamran Akmal,SR Watson,JR Hopes,4,0,4,0
335987,2,Rajasthan Royals,4,5,Kamran Akmal,SR Watson,JR Hopes,0,0,0,0
335987,2,Rajasthan Royals,4,6,SR Watson,DS Lehmann,JR Hopes,0,0,0,0
335987,2,Rajasthan Royals,5,1,DS Lehmann,SR Watson,B Lee,4,0,4,0
335987,2,Rajasthan Royals,5,2,DS Lehmann,SR Watson,B Lee,0,0,0,0
335987,2,Rajasthan Royals,5,3,DS Lehmann,SR Watson,B Lee,0,1,1,0
335987,2,Rajasthan Royals,5,4,SR Watson,DS Lehmann,B Lee,0,0,0,0
335987,2,Rajasthan Royals,5,5,SR Watson,DS Lehmann,B Lee,0,0,0,0
335987,2,Rajasthan Royals,5,6,SR Watson,DS Lehmann,B Lee,0,0,0,0
335987,2,Rajasthan Royals,6,1,DS Lehmann,SR Watson,JR Hopes,1,0,1,0
335987,2,Rajasthan Royals,6,2,SR Watson,DS Lehmann,JR Hopes,6,0,6,0
335987,2,Rajasthan Royals,6,3,SR Watson,DS Lehmann,JR Hopes,0,0,0,0
335987,2,Rajasthan Royals,6,4,SR Watson,DS Lehmann,JR Hopes,0,0,0,0
335987,2,Rajasthan Royals,6,5,SR Watson,DS Lehmann,JR Hopes,0,0,0,0
335987,2,Rajasthan Royals,6,6,SR Watson,DS Lehmann,JR Hopes,0,0,0,0
335987,2,Rajasthan Royals,7,1,DS Lehmann,SR Watson,IK Pathan,1,0,1,0
335987,2,Rajasthan Royals,7,2,SR Watson,DS Lehmann,IK Pathan,0,0,0,0
335987,2,Rajasthan Royals,7,3,SR Watson,DS Lehmann,IK Pathan,0,0,0,0
335987,2,Rajasthan Royals,7,4,SR Watson,DS Lehmann,IK Pathan,1,0,1,0
335987,2,Rajasthan Royals,7,5,DS Lehmann,SR Watson,IK Pathan,0,1,1,1
335987,2,Rajasthan Royals,7,5,DS Lehmann,SR Watson,IK Pathan,1,0,1,0
335987,2,Rajasthan Royals,7,6,SR Watson,DS Lehmann,IK Pathan,1,0,1,0
335987,2,Rajasthan Royals,8,1,SR Watson,DS Lehmann,JR Hopes,6,0,6,0
335987,2,Rajasthan Royals,8,2,SR Watson,DS Lehmann,JR Hopes,1,0,1,0
335987,2,Rajasthan Royals,8,3,DS Lehmann,SR Watson,JR Hopes,0,0,0,0
335987,2,Rajasthan Royals,8,4,DS Lehmann,SR Watson,JR Hopes,0,0,0,0
335987,2,Rajasthan Royals,8,5,DS Lehmann,SR Watson,JR Hopes,4,0,4,0
335987,2,Rajasthan Royals,8,6,DS Lehmann,SR Watson,JR Hopes,0,0,0,0
335987,2,Rajasthan Royals,9,1,SR Watson,DS Lehmann,IK Pathan,4,0,4,0
335987,2,Rajasthan Royals,9,2,SR Watson,DS Lehmann,IK Pathan,1,0,1,0
335987,2,Rajasthan Royals,9,3,DS Lehmann,SR Watson,IK Pathan,1,0,1,0
335987,2,Rajasthan Royals,9,4,SR Watson,DS Lehmann,IK Pathan,4,0,4,0
335987,2,Rajasthan Royals,9,5,SR Watson,DS Lehmann,IK Pathan,1,0,1,0
335987,2,Rajasthan Royals,9,6,DS Lehmann,SR Watson,IK Pathan,0,0,0,0
335987,2,Rajasthan Royals,10,1,SR Watson,DS Lehmann,PP Chawla,1,0,1,0
335987,2,Rajasthan Royals,10,2,DS Lehmann,SR Watson,PP Chawla,4,0,4,0
335987,2,Rajasthan Royals,10,3,DS Lehmann,SR Watson,PP Chawla,1,0,1,0
335987,2,Rajasthan Royals,10,4,SR Watson,DS Lehmann,PP Chawla,0,0,0,0
335987,2,Rajasthan Royals,10,5,SR Watson,DS Lehmann,PP Chawla,6,0,6,0
335987,2,Rajasthan Royals,10,6,SR Watson,DS Lehmann,PP Chawla,0,0,0,0
335987,2,Rajasthan Royals,11,1,DS Lehmann,SR Watson,IK Pathan,0,0,0,0
335987,2,Rajasthan Royals,11,2,DS Lehmann,SR Watson,IK Pathan,0,0,0,0
335987,2,Rajasthan Royals,11,3,RA Jadeja,SR Watson,IK Pathan,0,1,1,1
335987,2,Rajasthan Royals,11,3,RA Jadeja,SR Watson,IK Pathan,0,0,0,0
335987,2,Rajasthan Royals,11,4,RA Jadeja,SR Watson,IK Pathan,0,0,0,0
335987,2,Rajasthan Royals,11,5,RA Jadeja,SR Watson,IK Pathan,1,0,1,0
335987,2,Rajasthan Royals,11,6,SR Watson,RA Jadeja,IK Pathan,1,0,1,0
335987,2,Rajasthan Royals,12,1,SR Watson,RA Jadeja,WA Mota,1,0,1,0
335987,2,Rajasthan Royals,12,2,RA Jadeja,SR Watson,WA Mota,1,0,1,0
335987,2,Rajasthan Royals,12,3,SR Watson,RA Jadeja,WA Mota,2,0,2,0
335987,2,Rajasthan Royals,12,4,SR Watson,RA Jadeja,WA Mota,6,0,6,0
335987,2,Rajasthan Royals,12,5,SR Watson,RA Jadeja,WA Mota,2,0,2,0
335987,2,Rajasthan Royals,12,6,SR Watson,RA Jadeja,WA Mota,0,0,0,0
335987,2,Rajasthan Royals,13,1,RA Jadeja,SR Watson,S Sreesanth,0,0,0,0
335987,2,Rajasthan Royals,13,2,RA Jadeja,SR Watson,S Sreesanth,4,0,4,0
335987,2,Rajasthan Royals,13,3,RA Jadeja,SR Watson,S Sreesanth,1,0,1,0
335987,2,Rajasthan Royals,13,4,SR Watson,RA Jadeja,S Sreesanth,1,0,1,0
335987,2,Rajasthan Royals,13,5,RA Jadeja,SR Watson,S Sreesanth,4,0,4,0
335987,2,Rajasthan Royals,13,6,RA Jadeja,SR Watson,S Sreesanth,0,1,1,0
335987,2,Rajasthan Royals,13,6,RA Jadeja,SR Watson,S Sreesanth,2,0,2,0
335987,2,Rajasthan Royals,14,1,SR Watson,RA Jadeja,PP Chawla,4,0,4,0
335987,2,Rajasthan Royals,14,2,SR Watson,RA Jadeja,PP Chawla,1,0,1,0
335987,2,Rajasthan Royals,14,3,RA Jadeja,SR Watson,PP Chawla,4,0,4,0
335987,2,Rajasthan Royals,14,4,RA Jadeja,SR Watson,PP Chawla,0,0,0,0
335987,2,Rajasthan Royals,14,5,RA Jadeja,SR Watson,PP Chawla,6,0,6,0
335987,2,Rajasthan Royals,14,6,RA Jadeja,SR Watson,PP Chawla,0,0,0,0
335987,2,Rajasthan Royals,15,1,SR Watson,RA Jadeja,B Lee,1,0,1,0
335987,2,Rajasthan Royals,15,2,RA Jadeja,SR Watson,B Lee,4,0,4,0
335987,2,Rajasthan Royals,15,3,RA Jadeja,SR Watson,B Lee,0,0,0,0
335987,2,Rajasthan Royals,15,4,RA Jadeja,SR Watson,B Lee,0,0,0,0
335987,2,Rajasthan Royals,15,5,RA Jadeja,SR Watson,B Lee,4,0,4,0
335987,2,Rajasthan Royals,15,6,RA Jadeja,SR Watson,B Lee,1,0,1,0
335987,2,Rajasthan Royals,16,1,RA Jadeja,SR Watson,IK Pathan,0,0,0,0
335987,2,Rajasthan Royals,16,2,RA Jadeja,SR Watson,IK Pathan,0,0,0,0
335987,2,Rajasthan Royals,16,3,RA Jadeja,SR Watson,IK Pathan,0,0,0,0
335987,2,Rajasthan Royals,16,4,RA Jadeja,SR Watson,IK Pathan,1,0,1,0
335987,2,Rajasthan Royals,16,5,SR Watson,RA Jadeja,IK Pathan,0,0,0,0
335987,2,Rajasthan Royals,16,6,SR Watson,RA Jadeja,IK Pathan,1,0,1,0
335987,2,Rajasthan Royals,17,1,SR Watson,RA Jadeja,JR Hopes,1,0,1,0
335987,2,Rajasthan Royals,17,2,RA Jadeja,SR Watson,JR Hopes,0,1,1,1
335987,2,Rajasthan Royals,17,2,RA Jadeja,SR Watson,JR Hopes,2,0,2,0
335987,2,Rajasthan Royals,17,3,RA Jadeja,SR Watson,JR Hopes,1,0,1,0
335987,2,Rajasthan Royals,17,4,SR Watson,RA Jadeja,JR Hopes,2,0,2,0
335987,2,Rajasthan Royals,17,5,SR Watson,RA Jadeja,JR Hopes,2,0,2,0
335987,2,Rajasthan Royals,17,6,SR Watson,RA Jadeja,JR Hopes,1,0,1,0
335987,2,Rajasthan Royals,18,1,SR Watson,RA Jadeja,S Sreesanth,4,0,4,0
335986,1,Deccan Chargers,0,1,AC Gilchrist,Y Venugopal Rao,AB Dinda,1,0,1,0
335986,1,Deccan Chargers,0,2,Y Venugopal Rao,AC Gilchrist,AB Dinda,0,1,1,0
335986,1,Deccan Chargers,0,2,Y Venugopal Rao,AC Gilchrist,AB Dinda,2,0,2,0
335986,1,Deccan Chargers,0,3,Y Venugopal Rao,AC Gilchrist,AB Dinda,0,0,0,0
335986,1,Deccan Chargers,0,4,Y Venugopal Rao,AC Gilchrist,AB Dinda,0,0,0,0
335986,1,Deccan Chargers,0,5,Y Venugopal Rao,AC Gilchrist,AB Dinda,0,0,0,0
335986,1,Deccan Chargers,0,6,Y Venugopal Rao,AC Gilchrist,AB Dinda,5,0,5,0
335986,1,Deccan Chargers,1,1,Y Venugopal Rao,AC Gilchrist,I Sharma,0,1,1,0
335986,1,Deccan Chargers,1,2,AC Gilchrist,Y Venugopal Rao,I Sharma,1,0,1,0
335986,1,Deccan Chargers,1,3,Y Venugopal Rao,AC Gilchrist,I Sharma,0,0,0,0
335986,1,Deccan Chargers,1,4,Y Venugopal Rao,AC Gilchrist,I Sharma,1,0,1,0
335986,1,Deccan Chargers,1,5,AC Gilchrist,Y Venugopal Rao,I Sharma,0,1,1,1
335986,1,Deccan Chargers,1,5,AC Gilchrist,Y Venugopal Rao,I Sharma,0,0,0,0
335986,1,Deccan Chargers,1,6,AC Gilchrist,Y Venugopal Rao,I Sharma,0,1,1,1
335986,1,Deccan Chargers,1,6,AC Gilchrist,Y Venugopal Rao,I Sharma,0,0,0,0
335986,1,Deccan Chargers,2,1,Y Venugopal Rao,AC Gilchrist,AB Dinda,1,0,1,0
335986,1,Deccan Chargers,2,2,AC Gilchrist,Y Venugopal Rao,AB Dinda,0,0,0,0
335986,1,Deccan Chargers,2,3,AC Gilchrist,Y Venugopal Rao,AB Dinda,0,0,0,0
335986,1,Deccan Chargers,2,4,AC Gilchrist,Y Venugopal Rao,AB Dinda,1,0,1,0
335986,1,Deccan Chargers,2,5,Y Venugopal Rao,AC Gilchrist,AB Dinda,4,0,4,0
335986,1,Deccan Chargers,2,6,Y Venugopal Rao,AC Gilchrist,AB Dinda,1,0,1,0
335986,1,Deccan Chargers,3,1,Y Venugopal Rao,AC Gilchrist,I Sharma,0,0,0,0
335986,1,Deccan Chargers,3,2,Y Venugopal Rao,AC Gilchrist,I Sharma,0,0,0,0
335986,1,Deccan Chargers,3,3,VVS Laxman,AC Gilchrist,I Sharma,0,0,0,0
335986,1,Deccan Chargers,3,4,VVS Laxman,AC Gilchrist,I Sharma,0,0,0,0
335986,1,Deccan Chargers,3,5,VVS Laxman,AC Gilchrist,I Sharma,0,0,0,0
335986,1,Deccan Chargers,3,6,VVS Laxman,AC Gilchrist,I Sharma,0,0,0,0
335986,1,Deccan Chargers,4,1,AC Gilchrist,VVS Laxman,AB Dinda,1,0,1,0
335986,1,Deccan Chargers,4,2,VVS Laxman,AC Gilchrist,AB Dinda,0,0,0,0
335986,1,Deccan Chargers,4,3,VVS Laxman,AC Gilchrist,AB Dinda,0,0,0,0
335986,1,Deccan Chargers,4,4,AC Gilchrist,A Symonds,AB Dinda,1,0,1,0
335986,1,Deccan Chargers,4,5,A Symonds,AC Gilchrist,AB Dinda,0,0,0,0
335986,1,Deccan Chargers,4,6,A Symonds,AC Gilchrist,AB Dinda,0,0,0,0
335986,1,Deccan Chargers,5,1,AC Gilchrist,A Symonds,AB Agarkar,6,0,6,0
335986,1,Deccan Chargers,5,2,AC Gilchrist,A Symonds,AB Agarkar,0,0,0,0
335986,1,Deccan Chargers,5,3,AC Gilchrist,A Symonds,AB Agarkar,6,0,6,0
335986,1,Deccan Chargers,5,4,AC Gilchrist,A Symonds,AB Agarkar,4,0,4,0
335986,1,Deccan Chargers,5,5,AC Gilchrist,A Symonds,AB Agarkar,0,0,0,0
335986,1,Deccan Chargers,5,6,AC Gilchrist,A Symonds,AB Agarkar,0,0,0,0
335986,1,Deccan Chargers,6,1,A Symonds,AC Gilchrist,M Kartik,1,0,1,0
335986,1,Deccan Chargers,6,2,AC Gilchrist,A Symonds,M Kartik,0,0,0,0
335986,1,Deccan Chargers,6,3,AC Gilchrist,A Symonds,M Kartik,1,0,1,0
335986,1,Deccan Chargers,6,4,A Symonds,AC Gilchrist,M Kartik,4,0,4,0
335986,1,Deccan Chargers,6,5,A Symonds,AC Gilchrist,M Kartik,0,0,0,0
335986,1,Deccan Chargers,6,6,A Symonds,AC Gilchrist,M Kartik,0,0,0,0
335986,1,Deccan Chargers,7,1,AC Gilchrist,A Symonds,Mohammad Hafeez,0,0,0,0
335986,1,Deccan Chargers,7,2,AC Gilchrist,A Symonds,Mohammad Hafeez,0,1,1,0
335986,1,Deccan Chargers,7,2,AC Gilchrist,A Symonds,Mohammad Hafeez,0,0,0,0
335986,1,Deccan Chargers,7,3,AC Gilchrist,A Symonds,Mohammad Hafeez,1,0,1,0
335986,1,Deccan Chargers,7,4,A Symonds,AC Gilchrist,Mohammad Hafeez,0,0,0,0
335986,1,Deccan Chargers,7,5,A Symonds,AC Gilchrist,Mohammad Hafeez,0,0,0,0
335986,1,Deccan Chargers,7,6,A Symonds,AC Gilchrist,Mohammad Hafeez,0,0,0,0
335986,1,Deccan Chargers,8,1,AC Gilchrist,A Symonds,M Kartik,0,0,0,0
335986,1,Deccan Chargers,8,2,RG Sharma,A Symonds,M Kartik,0,0,0,0
335986,1,Deccan Chargers,8,3,RG Sharma,A Symonds,M Kartik,0,0,0,0
335986,1,Deccan Chargers,8,4,RG Sharma,A Symonds,M Kartik,0,0,0,0
335986,1,Deccan Chargers,8,5,SB Styris,A Symonds,M Kartik,0,0,0,0
335986,1,Deccan Chargers,8,6,SB Styris,A Symonds,M Kartik,1,0,1,0
335986,1,Deccan Chargers,9,1,SB Styris,A Symonds,Mohammad Hafeez,1,0,1,0
335986,1,Deccan Chargers,9,2,A Symonds,SB Styris,Mohammad Hafeez,1,0,1,0
335986,1,Deccan Chargers,9,3,SB Styris,A Symonds,Mohammad Hafeez,0,1,1,0
335986,1,Deccan Chargers,9,4,A Symonds,SB Styris,Mohammad Hafeez,0,0,0,0
335986,1,Deccan Chargers,9,5,A Symonds,SB Styris,Mohammad Hafeez,0,1,1,0
335986,1,Deccan Chargers,9,6,SB Styris,A Symonds,Mohammad Hafeez,0,0,0,0
335986,1,Deccan Chargers,10,1,A Symonds,SB Styris,M Kartik,0,0,0,0
335986,1,Deccan Chargers,10,2,A Symonds,SB Styris,M Kartik,0,0,0,0
335986,1,Deccan Chargers,10,3,A Symonds,SB Styris,M Kartik,0,0,0,0
335986,1,Deccan Chargers,10,4,A Symonds,SB Styris,M Kartik,0,0,0,0
335986,1,Deccan Chargers,10,5,A Symonds,SB Styris,M Kartik,1,0,1,0
335986,1,Deccan Chargers,10,6,SB Styris,A Symonds,M Kartik,4,0,4,0
335986,1,Deccan Chargers,11,1,A Symonds,SB Styris,Mohammad Hafeez,0,0,0,0
335986,1,Deccan Chargers,11,2,A Symonds,SB Styris,Mohammad Hafeez,0,0,0,0
335986,1,Deccan Chargers,11,3,A Symonds,SB Styris,Mohammad Hafeez,1,0,1,0
335986,1,Deccan Chargers,11,4,SB Styris,A Symonds,Mohammad Hafeez,0,0,0,0
335986,1,Deccan Chargers,11,5,AS Yadav,A Symonds,Mohammad Hafeez,1,0,1,0
335986,1,Deccan Chargers,11,6,A Symonds,AS Yadav,Mohammad Hafeez,0,0,0,0
335986,1,Deccan Chargers,12,1,AS Yadav,A Symonds,DJ Hussey,1,0,1,0
335986,1,Deccan Chargers,12,2,A Symonds,AS Yadav,DJ Hussey,1,0,1,0
335986,1,Deccan Chargers,12,3,AS Yadav,A Symonds,DJ Hussey,0,0,0,0
335986,1,Deccan Chargers,12,4,AS Yadav,A Symonds,DJ Hussey,1,0,1,0
335986,1,Deccan Chargers,12,5,A Symonds,AS Yadav,DJ Hussey,0,0,0,0
335986,1,Deccan Chargers,12,6,A Symonds,AS Yadav,DJ Hussey,0,0,0,0
335986,1,Deccan Chargers,13,1,AS Yadav,A Symonds,Mohammad Hafeez,0,0,0,0
335986,1,Deccan Chargers,13,2,AS Yadav,A Symonds,Mohammad Hafeez,0,1,1,0
335986,1,Deccan Chargers,13,3,A Symonds,AS Yadav,Mohammad Hafeez,0,0,0,0
335986,1,Deccan Chargers,13,4,A Symonds,AS Yadav,Mohammad Hafeez,0,0,0,0
335986,1,Deccan Chargers,13,5,A Symonds,AS Yadav,Mohammad Hafeez,1,0,1,0
335986,1,Deccan Chargers,13,6,AS Yadav,A Symonds,Mohammad Hafeez,1,0,1,0
335986,1,Deccan Chargers,14,1,AS Yadav,A Symonds,DJ Hussey,6,0,6,0
335986,1,Deccan Chargers,14,2,AS Yadav,A Symonds,DJ Hussey,0,0,0,0
335986,1,Deccan Chargers,14,3,AS Yadav,A Symonds,DJ Hussey,0,0,0,0
335986,1,Deccan Chargers,14,4,A Symonds,SB Bangar,DJ Hussey,1,0,1,0
335986,1,Deccan Chargers,14,5,SB Bangar,A Symonds,DJ Hussey,1,0,1,0
335986,1,Deccan Chargers,14,6,A Symonds,SB Bangar,DJ Hussey,4,0,4,0
335986,1,Deccan Chargers,15,1,SB Bangar,A Symonds,I Sharma,0,0,0,0
335986,1,Deccan Chargers,15,2,SB Bangar,A Symonds,I Sharma,1,0,1,0
335986,1,Deccan Chargers,15,3,A Symonds,SB Bangar,I Sharma,0,0,0,0
335986,1,Deccan Chargers,15,4,A Symonds,SB Bangar,I Sharma,0,0,0,0
335986,1,Deccan Chargers,15,5,A Symonds,SB Bangar,I Sharma,0,1,1,1
335986,1,Deccan Chargers,15,5,A Symonds,SB Bangar,I Sharma,2,0,2,0
335986,1,Deccan Chargers,15,6,A Symonds,SB Bangar,I Sharma,1,0,1,0
335986,1,Deccan Chargers,16,1,A Symonds,SB Bangar,DJ Hussey,0,0,0,0
335986,1,Deccan Chargers,16,2,A Symonds,SB Bangar,DJ Hussey,0,1,1,1
335986,1,Deccan Chargers,16,2,A Symonds,SB Bangar,DJ Hussey,6,0,6,0
335986,1,Deccan Chargers,16,3,A Symonds,SB Bangar,DJ Hussey,6,0,6,0
335986,1,Deccan Chargers,16,4,A Symonds,SB Bangar,DJ Hussey,1,0,1,0
335986,1,Deccan Chargers,16,5,SB Bangar,A Symonds,DJ Hussey,6,0,6,0
335986,1,Deccan Chargers,16,6,SB Bangar,A Symonds,DJ Hussey,0,0,0,0
335986,1,Deccan Chargers,17,1,A Symonds,SB Bangar,AB Agarkar,1,0,1,0
335986,1,Deccan Chargers,17,2,SB Bangar,A Symonds,AB Agarkar,0,0,0,0
335986,1,Deccan Chargers,17,3,SB Bangar,A Symonds,AB Agarkar,1,0,1,0
335986,1,Deccan Chargers,17,4,A Symonds,SB Bangar,AB Agarkar,0,0,0,0
335986,1,Deccan Chargers,17,5,SB Bangar,WPUJC Vaas,AB Agarkar,1,0,1,0
335986,1,Deccan Chargers,17,6,WPUJC Vaas,SB Bangar,AB Agarkar,0,0,0,0
335986,1,Deccan Chargers,18,1,RP Singh,SB Bangar,M Kartik,1,0,1,0
335986,1,Deccan Chargers,18,2,SB Bangar,RP Singh,M Kartik,4,0,4,0
335986,1,Deccan Chargers,18,3,SB Bangar,RP Singh,M Kartik,0,0,0,0
335986,1,Deccan Chargers,18,4,RP Singh,PP Ojha,M Kartik,0,0,0,0
335986,2,Kolkata Knight Riders,0,1,WP Saha,BB McCullum,WPUJC Vaas,1,0,1,0
335986,2,Kolkata Knight Riders,0,2,BB McCullum,WP Saha,WPUJC Vaas,4,0,4,0
335986,2,Kolkata Knight Riders,0,3,BB McCullum,WP Saha,WPUJC Vaas,0,0,0,0
335986,2,Kolkata Knight Riders,0,4,BB McCullum,WP Saha,WPUJC Vaas,1,0,1,0
335986,2,Kolkata Knight Riders,0,5,WP Saha,BB McCullum,WPUJC Vaas,0,0,0,0
335986,2,Kolkata Knight Riders,0,6,WP Saha,BB McCullum,WPUJC Vaas,0,0,0,0
335986,2,Kolkata Knight Riders,1,1,BB McCullum,WP Saha,RP Singh,0,0,0,0
335986,2,Kolkata Knight Riders,1,2,BB McCullum,WP Saha,RP Singh,0,0,0,0
335986,2,Kolkata Knight Riders,1,3,WP Saha,RT Ponting,RP Singh,0,0,0,0
335986,2,Kolkata Knight Riders,1,4,WP Saha,RT Ponting,RP Singh,2,0,2,0
335986,2,Kolkata Knight Riders,1,5,WP Saha,RT Ponting,RP Singh,0,4,4,0
335986,2,Kolkata Knight Riders,1,6,WP Saha,RT Ponting,RP Singh,4,0,4,0
335986,2,Kolkata Knight Riders,2,1,RT Ponting,WP Saha,WPUJC Vaas,0,0,0,0
335986,2,Kolkata Knight Riders,2,2,SC Ganguly,WP Saha,WPUJC Vaas,0,0,0,0
335986,2,Kolkata Knight Riders,2,3,SC Ganguly,WP Saha,WPUJC Vaas,0,1,1,0
335986,2,Kolkata Knight Riders,2,4,WP Saha,SC Ganguly,WPUJC Vaas,0,0,0,0
335986,2,Kolkata Knight Riders,2,5,WP Saha,SC Ganguly,WPUJC Vaas,0,0,0,0
335986,2,Kolkata Knight Riders,2,6,WP Saha,SC Ganguly,WPUJC Vaas,1,0,1,0
335986,2,Kolkata Knight Riders,3,1,WP Saha,SC Ganguly,RP Singh,0,0,0,0
335986,2,Kolkata Knight Riders,3,2,WP Saha,SC Ganguly,RP Singh,0,0,0,0
335986,2,Kolkata Knight Riders,3,3,WP Saha,SC Ganguly,RP Singh,1,0,1,0
335986,2,Kolkata Knight Riders,3,4,SC Ganguly,WP Saha,RP Singh,1,0,1,0
335986,2,Kolkata Knight Riders,3,5,WP Saha,SC Ganguly,RP Singh,0,0,0,0
335986,2,Kolkata Knight Riders,3,6,WP Saha,SC Ganguly,RP Singh,1,0,1,0
335986,2,Kolkata Knight Riders,4,1,WP Saha,SC Ganguly,WPUJC Vaas,0,0,0,0
335986,2,Kolkata Knight Riders,4,2,WP Saha,SC Ganguly,WPUJC Vaas,0,0,0,0
335986,2,Kolkata Knight Riders,4,3,DJ Hussey,SC Ganguly,WPUJC Vaas,0,0,0,0
335986,2,Kolkata Knight Riders,4,4,DJ Hussey,SC Ganguly,WPUJC Vaas,1,0,1,0
335986,2,Kolkata Knight Riders,4,5,SC Ganguly,DJ Hussey,WPUJC Vaas,0,0,0,0
335986,2,Kolkata Knight Riders,4,6,SC Ganguly,DJ Hussey,WPUJC Vaas,1,0,1,0
335986,2,Kolkata Knight Riders,5,1,SC Ganguly,DJ Hussey,SB Styris,1,0,1,0
335986,2,Kolkata Knight Riders,5,2,DJ Hussey,SC Ganguly,SB Styris,0,0,0,0
335986,2,Kolkata Knight Riders,5,3,DJ Hussey,SC Ganguly,SB Styris,0,0,0,0
335986,2,Kolkata Knight Riders,5,4,DJ Hussey,SC Ganguly,SB Styris,0,0,0,0
335986,2,Kolkata Knight Riders,5,5,DJ Hussey,SC Ganguly,SB Styris,1,0,1,0
335986,2,Kolkata Knight Riders,5,6,SC Ganguly,DJ Hussey,SB Styris,1,0,1,0
335986,2,Kolkata Knight Riders,6,1,SC Ganguly,DJ Hussey,SB Bangar,0,0,0,0
335986,2,Kolkata Knight Riders,6,2,SC Ganguly,DJ Hussey,SB Bangar,0,0,0,0
335986,2,Kolkata Knight Riders,6,3,SC Ganguly,DJ Hussey,SB Bangar,0,0,0,0
335986,2,Kolkata Knight Riders,6,4,SC Ganguly,DJ Hussey,SB Bangar,0,5,5,5
335986,2,Kolkata Knight Riders,6,4,SC Ganguly,DJ Hussey,SB Bangar,0,0,0,0
335986,2,Kolkata Knight Riders,6,5,SC Ganguly,DJ Hussey,SB Bangar,1,0,1,0
335986,2,Kolkata Knight Riders,6,6,DJ Hussey,SC Ganguly,SB Bangar,1,0,1,0
335986,2,Kolkata Knight Riders,7,1,DJ Hussey,SC Ganguly,SB Styris,0,0,0,0
335986,2,Kolkata Knight Riders,7,2,DJ Hussey,SC Ganguly,SB Styris,1,0,1,0
335986,2,Kolkata Knight Riders,7,3,SC Ganguly,DJ Hussey,SB Styris,0,0,0,0
335986,2,Kolkata Knight Riders,7,4,SC Ganguly,DJ Hussey,SB Styris,0,0,0,0
335986,2,Kolkata Knight Riders,7,5,SC Ganguly,DJ Hussey,SB Styris,0,0,0,0
335986,2,Kolkata Knight Riders,7,6,SC Ganguly,DJ Hussey,SB Styris,0,0,0,0
335986,2,Kolkata Knight Riders,8,1,DJ Hussey,SC Ganguly,SB Bangar,0,0,0,0
335986,2,Kolkata Knight Riders,8,2,DJ Hussey,SC Ganguly,SB Bangar,0,0,0,0
335986,2,Kolkata Knight Riders,8,3,DJ Hussey,SC Ganguly,SB Bangar,0,0,0,0
335986,2,Kolkata Knight Riders,8,4,DJ Hussey,SC Ganguly,SB Bangar,0,1,1,1
335986,2,Kolkata Knight Riders,8,4,DJ Hussey,SC Ganguly,SB Bangar,0,0,0,0
335986,2,Kolkata Knight Riders,8,5,DJ Hussey,SC Ganguly,SB Bangar,0,0,0,0
335986,2,Kolkata Knight Riders,8,6,DJ Hussey,SC Ganguly,SB Bangar,0,0,0,0
335986,2,Kolkata Knight Riders,9,1,SC Ganguly,DJ Hussey,SB Styris,2,0,2,0
335986,2,Kolkata Knight Riders,9,2,SC Ganguly,DJ Hussey,SB Styris,0,0,0,0
335986,2,Kolkata Knight Riders,9,3,SC Ganguly,DJ Hussey,SB Styris,0,1,1,1
335986,2,Kolkata Knight Riders,9,3,SC Ganguly,DJ Hussey,SB Styris,0,0,0,0
335986,2,Kolkata Knight Riders,9,4,SC Ganguly,DJ Hussey,SB Styris,0,0,0,0
335986,2,Kolkata Knight Riders,9,5,SC Ganguly,DJ Hussey,SB Styris,0,0,0,0
335986,2,Kolkata Knight Riders,9,6,SC Ganguly,DJ Hussey,SB Styris,0,0,0,0
335986,2,Kolkata Knight Riders,10,1,DJ Hussey,SC Ganguly,SB Bangar,0,0,0,0
335986,2,Kolkata Knight Riders,10,2,DJ Hussey,SC Ganguly,SB Bangar,0,0,0,0
335986,2,Kolkata Knight Riders,10,3,DJ Hussey,SC Ganguly,SB Bangar,6,0,6,0
335986,2,Kolkata Knight Riders,10,4,DJ Hussey,SC Ganguly,SB Bangar,0,0,0,0
335986,2,Kolkata Knight Riders,10,5,DJ Hussey,SC Ganguly,SB Bangar,1,0,1,0
335986,2,Kolkata Knight Riders,10,6,SC Ganguly,DJ Hussey,SB Bangar,4,0,4,0
335986,2,Kolkata Knight Riders,11,1,DJ Hussey,SC Ganguly,A Symonds,0,0,0,0
335986,2,Kolkata Knight Riders,11,2,DJ Hussey,SC Ganguly,A Symonds,0,4,4,0
335986,2,Kolkata Knight Riders,11,3,DJ Hussey,SC Ganguly,A Symonds,1,0,1,0
335986,2,Kolkata Knight Riders,11,4,SC Ganguly,DJ Hussey,A Symonds,0,1,1,1
335986,2,Kolkata Knight Riders,11,4,SC Ganguly,DJ Hussey,A Symonds,0,5,5,5
335986,2,Kolkata Knight Riders,11,4,SC Ganguly,DJ Hussey,A Symonds,1,0,1,0
335986,2,Kolkata Knight Riders,11,5,DJ Hussey,SC Ganguly,A Symonds,1,0,1,0
335986,2,Kolkata Knight Riders,11,6,SC Ganguly,DJ Hussey,A Symonds,0,1,1,0
335986,2,Kolkata Knight Riders,11,6,SC Ganguly,DJ Hussey,A Symonds,1,0,1,0
335986,2,Kolkata Knight Riders,12,1,SC Ganguly,DJ Hussey,PP Ojha,0,1,1,1
335986,2,Kolkata Knight Riders,12,1,SC Ganguly,DJ Hussey,PP Ojha,0,0,0,0
335986,2,Kolkata Knight Riders,12,2,SC Ganguly,DJ Hussey,PP Ojha,0,0,0,0
335986,2,Kolkata Knight Riders,12,3,SC Ganguly,DJ Hussey,PP Ojha,1,0,1,0
335986,2,Kolkata Knight Riders,12,4,DJ Hussey,SC Ganguly,PP Ojha,0,1,1,1
335986,2,Kolkata Knight Riders,12,4,DJ Hussey,SC Ganguly,PP Ojha,0,0,0,0
335986,2,Kolkata Knight Riders,12,5,DJ Hussey,SC Ganguly,PP Ojha,1,0,1,0
335986,2,Kolkata Knight Riders,12,6,SC Ganguly,DJ Hussey,PP Ojha,0,0,0,0
335986,2,Kolkata Knight Riders,13,1,DJ Hussey,Mohammad Hafeez,A Symonds,1,0,1,0
335986,2,Kolkata Knight Riders,13,2,Mohammad Hafeez,DJ Hussey,A Symonds,0,0,0,0
335986,2,Kolkata Knight Riders,13,3,Mohammad Hafeez,DJ Hussey,A Symonds,0,0,0,0
335986,2,Kolkata Knight Riders,13,4,Mohammad Hafeez,DJ Hussey,A Symonds,1,0,1,0
335986,2,Kolkata Knight Riders,13,5,DJ Hussey,Mohammad Hafeez,A Symonds,1,0,1,0
335986,2,Kolkata Knight Riders,13,6,Mohammad Hafeez,DJ Hussey,A Symonds,6,0,6,0
335986,2,Kolkata Knight Riders,14,1,DJ Hussey,Mohammad Hafeez,PP Ojha,1,0,1,0
335986,2,Kolkata Knight Riders,14,2,Mohammad Hafeez,DJ Hussey,PP Ojha,0,0,0,0
335986,2,Kolkata Knight Riders,14,3,Mohammad Hafeez,DJ Hussey,PP Ojha,1,0,1,0
335986,2,Kolkata Knight Riders,14,4,DJ Hussey,Mohammad Hafeez,PP Ojha,1,0,1,0
335986,2,Kolkata Knight Riders,14,5,Mohammad Hafeez,DJ Hussey,PP Ojha,0,1,1,0
335986,2,Kolkata Knight Riders,14,6,DJ Hussey,Mohammad Hafeez,PP Ojha,0,0,0,0
335986,2,Kolkata Knight Riders,15,1,Mohammad Hafeez,DJ Hussey,RP Singh,0,0,0,0
335986,2,Kolkata Knight Riders,15,2,Mohammad Hafeez,DJ Hussey,RP Singh,1,0,1,0
335986,2,Kolkata Knight Riders,15,3,DJ Hussey,Mohammad Hafeez,RP Singh,1,0,1,0
335986,2,Kolkata Knight Riders,15,4,Mohammad Hafeez,DJ Hussey,RP Singh,0,0,0,0
335986,2,Kolkata Knight Riders,15,5,Mohammad Hafeez,DJ Hussey,RP Singh,0,0,0,0
335986,2,Kolkata Knight Riders,15,6,Mohammad Hafeez,DJ Hussey,RP Singh,4,0,4,0
335986,2,Kolkata Knight Riders,16,1,DJ Hussey,Mohammad Hafeez,PP Ojha,0,0,0,0
335986,2,Kolkata Knight Riders,16,2,DJ Hussey,Mohammad Hafeez,PP Ojha,1,0,1,0
335986,2,Kolkata Knight Riders,16,3,Mohammad Hafeez,DJ Hussey,PP Ojha,0,0,0,0
335986,2,Kolkata Knight Riders,16,4,DJ Hussey,LR Shukla,PP Ojha,1,0,1,0
335986,2,Kolkata Knight Riders,16,5,LR Shukla,DJ Hussey,PP Ojha,1,0,1,0
335986,2,Kolkata Knight Riders,16,6,DJ Hussey,LR Shukla,PP Ojha,0,0,0,0
335986,2,Kolkata Knight Riders,17,1,LR Shukla,DJ Hussey,SB Styris,1,0,1,0
335986,2,Kolkata Knight Riders,17,2,DJ Hussey,LR Shukla,SB Styris,1,0,1,0
335986,2,Kolkata Knight Riders,17,3,LR Shukla,DJ Hussey,SB Styris,0,1,1,0
335986,2,Kolkata Knight Riders,17,4,DJ Hussey,LR Shukla,SB Styris,0,0,0,0
335986,2,Kolkata Knight Riders,17,5,DJ Hussey,LR Shukla,SB Styris,6,0,6,0
335986,2,Kolkata Knight Riders,17,6,DJ Hussey,LR Shukla,SB Styris,4,0,4,0
335986,2,Kolkata Knight Riders,18,1,LR Shukla,DJ Hussey,PP Ojha,1,0,1,0
335986,2,Kolkata Knight Riders,18,2,DJ Hussey,LR Shukla,PP Ojha,0,1,1,0
335986,2,Kolkata Knight Riders,18,3,LR Shukla,DJ Hussey,PP Ojha,0,0,0,0
335986,2,Kolkata Knight Riders,18,4,LR Shukla,DJ Hussey,PP Ojha,1,0,1,0
335986,2,Kolkata Knight Riders,18,5,DJ Hussey,LR Shukla,PP Ojha,0,0,0,0
335986,2,Kolkata Knight Riders,18,6,DJ Hussey,LR Shukla,PP Ojha,6,0,6,0
