Match ID,Innings Number,From Over,To Over,Powerplay Type
1426261,1,0.1,5.6,mandatory
1426261,2,0.1,5.6,mandatory
1359507,1,0.1,5.6,mandatory
1359507,2,0.1,5.7,mandatory
392217,1,0.1,5.6,mandatory
392217,2,0.1,5.6,mandatory
1254112,1,0.1,5.6,mandatory
1254112,2,0.1,5.6,mandatory
829817,1,0.1,5.6,mandatory
829817,2,0.1,5.6,mandatory
336022,1,0.1,5.6,mandatory
336022,2,0.1,2.6,mandatory
501258,1,0.1,5.6,mandatory
501258,2,0.1,5.6,mandatory
548372,1,0.1,5.7,mandatory
548372,2,0.1,5.6,mandatory
1175358,1,0.1,5.6,mandatory
1175358,2,0.1,5.6,mandatory
1304086,1,0.1,5.6,mandatory
1304086,2,0.1,5.6,mandatory
980919,1,0.1,5.7,mandatory
980919,2,0.1,5.6,mandatory
1304069,1,0.1,5.8,mandatory
1304069,2,0.1,5.6,mandatory
335989,1,0.1,5.8,mandatory
335989,2,0.1,5.6,mandatory
729297,1,0.1,5.7,mandatory
729297,2,0.1,5.6,mandatory
1473446,1,0.1,5.7,mandatory
1473446,2,0.1,5.7,mandatory
392186,1,0.1,5.6,mandatory
392186,2,0.1,5.6,mandatory
548325,1,0.1,5.7,mandatory
548325,2,0.1,5.6,mandatory
1473503,1,0.1,5.6,mandatory
1473503,2,0.1,5.6,mandatory
1304090,1,0.1,5.7,mandatory
1304090,2,0.1,5.6,mandatory
729281,1,0.1,5.6,mandatory
729281,2,0.1,5.6,mandatory
392190,1,0.1,5.7,mandatory
392190,2,0.1,5.6,mandatory
1473450,1,0.1,5.6,mandatory
1473450,2,0.1,5.6,mandatory
501219,1,0.1,5.6,mandatory
501219,2,0.1,5.6,mandatory
829769,1,0.1,5.6,mandatory
829769,2,0.1,5.6,mandatory
548333,1,0.1,5.7,mandatory
548333,2,0.1,5.6,mandatory
392201,1,0.1,5.6,mandatory
392201,2,0.1,5.8,mandatory
1359511,1,0.1,5.6,mandatory
1359511,2,0.1,5.6,mandatory
1426277,1,0.1,5.6,mandatory
1426277,2,0.1,5.6,mandatory
829801,1,0.1,5.6,mandatory
829801,2,0.1,5.6,mandatory
1426298,1,0.1,4.6,mandatory
1426298,2,0.1,4.6,mandatory
1254104,1,0.1,5.6,mandatory
1254104,2,0.1,5.6,mandatory
336034,1,0.1,5.6,mandatory
336034,2,0.1,5.6,mandatory
548364,1,0.1,5.6,mandatory
548364,2,0.1,5.6,mandatory
980923,1,0.1,5.6,mandatory
980923,2,0.1,5.7,mandatory
1304053,1,0.1,5.6,mandatory
1304053,2,0.1,5.6,mandatory
1529274,1,0.1,5.7,mandatory
1529274,2,0.1,5.6,mandatory
1178415,1,0.1,5.6,mandatory
1178415,2,0.1,5.6,mandatory
729307,1,0.1,5.6,mandatory
729307,2,0.1,5.6,mandatory
1175362,1,0.1,5.6,mandatory
1175362,2,0.1,5.6,mandatory
1082591,1,0.1,5.6,mandatory
1082591,2,0.1,5.6,mandatory
1304116,1,0.1,5.6,mandatory
1304116,2,0.1,5.6,mandatory
598007,1,0.1,5.6,mandatory
598007,2,0.1,5.6,mandatory
1216530,1,0.1,5.6,mandatory
1216530,2,0.1,5.6,mandatory
1473493,1,0.1,5.6,mandatory
1473493,2,0.1,5.6,mandatory
1136583,1,0.1,5.6,mandatory
1136583,2,0.1,5.6,mandatory
829745,1,0.1,5.6,mandatory
829745,2,0.1,5.6,mandatory
501235,1,0.1,5.6,mandatory
501235,2,0.1,5.6,mandatory
419137,1,0.1,5.6,mandatory
419137,2,0.1,5.6,mandatory
1359478,1,0.1,5.6,mandatory
1359478,2,0.1,5.6,mandatory
1254082,1,0.1,5.6,mandatory
1254082,2,0.1,5.6,mandatory
1136612,1,0.1,5.6,mandatory
1136612,2,0.1,5.6,mandatory
1527682,1,0.1,5.6,mandatory
1527682,2,0.1,5.6,mandatory
1359497,1,0.1,5.6,mandatory
1359497,2,0.1,5.6,mandatory
1422131,1,0.1,5.7,mandatory
1422131,2,0.1,5.6,mandatory
548348,1,0.1,5.6,mandatory
548348,2,0.1,5.6,mandatory
598050,1,0.1,5.6,mandatory
598050,2,0.1,5.6,mandatory
419160,1,0.1,5.6,mandatory
419160,2,0.1,5.6,mandatory
336018,1,0.1,5.6,mandatory
336018,2,0.1,5.7,mandatory
1082600,1,0.1,5.6,mandatory
1082600,2,0.1,5.6,mandatory
501262,1,0.1,5.7,mandatory
501262,2,0.1,5.6,mandatory
1136604,1,0.1,5.6,mandatory
1136604,2,0.1,5.6,mandatory
1370353,1,0.1,5.6,mandatory
1370353,2,0.1,3.6,mandatory
1254094,1,0.1,5.6,mandatory
1254094,2,0.1,5.6,mandatory
1359481,1,0.1,5.6,mandatory
1359481,2,0.1,5.6,mandatory
597999,1,0.1,5.7,mandatory
597999,2,0.1,5.6,mandatory
598046,1,0.1,5.6,mandatory
598046,2,0.1,5.7,mandatory
1422127,1,0.1,5.7,mandatory
1422127,2,0.1,5.6,mandatory
1312200,1,0.1,5.6,mandatory
1312200,2,0.1,5.6,mandatory
1082616,1,0.1,5.6,mandatory
1082616,2,0.1,5.6,mandatory
729311,1,0.1,5.6,mandatory
729311,2,0.1,5.6,mandatory
1178403,1,0.1,5.6,mandatory
1178403,2,0.1,5.6,mandatory
980935,1,0.1,5.6,mandatory
980935,2,0.1,5.6,mandatory
1304100,1,0.1,5.7,mandatory
1304100,2,0.1,5.6,mandatory
829753,1,0.1,5.7,mandatory
829753,2,0.1,5.6,mandatory
1136595,1,0.1,5.6,mandatory
1136595,2,0.1,5.6,mandatory
1473485,1,0.1,5.7,mandatory
1473485,2,0.1,5.6,mandatory
1178395,1,0.1,5.7,mandatory
1178395,2,0.1,5.6,mandatory
1216526,1,0.1,5.6,mandatory
1216526,2,0.1,5.6,mandatory
733989,1,0.1,5.6,mandatory
733989,2,0.1,5.6,mandatory
548309,1,0.1,5.6,mandatory
548309,2,0.1,5.6,mandatory
598011,1,0.1,5.6,mandatory
598011,2,0.1,5.6,mandatory
419121,1,0.1,5.6,mandatory
419121,2,0.1,5.7,mandatory
1082641,1,0.1,5.6,mandatory
1082641,2,0.1,5.6,mandatory
501223,1,0.1,5.7,mandatory
501223,2,0.1,5.6,mandatory
501254,1,0.1,5.7,mandatory
501254,2,0.1,5.6,mandatory
1082636,1,0.1,5.7,mandatory
1082636,2,0.1,5.6,mandatory
419156,1,0.1,5.6,mandatory
419156,2,0.1,5.7,mandatory
598066,1,0.1,5.6,mandatory
598066,2,0.1,5.6,mandatory
734041,1,0.1,5.6,mandatory
734041,2,0.1,5.6,mandatory
1426282,1,0.1,5.6,mandatory
1426282,2,0.1,5.6,mandatory
501203,1,0.1,5.6,mandatory
501203,2,0.1,5.6,mandatory
829773,1,0.1,5.6,mandatory
829773,2,0.1,5.6,mandatory
1216506,1,0.1,5.6,mandatory
1216506,2,0.1,5.6,mandatory
548329,1,0.1,5.6,mandatory
548329,2,0.1,5.6,mandatory
598031,1,0.1,5.6,mandatory
598031,2,0.1,5.6,mandatory
1529307,1,0.1,5.6,mandatory
1529307,2,0.1,5.6,mandatory
1178423,1,0.1,5.6,mandatory
1178423,2,0.1,5.6,mandatory
335985,1,0.1,5.6,mandatory
335985,2,0.1,5.6,mandatory
1304065,1,0.1,5.6,mandatory
1304065,2,0.1,5.6,mandatory
980915,1,0.1,5.6,mandatory
980915,2,0.1,5.6,mandatory
501215,1,0.1,5.7,mandatory
501215,2,0.1,4.6,mandatory
419117,1,0.1,5.6,mandatory
419117,2,0.1,5.6,mandatory
598027,1,0.1,5.7,mandatory
598027,2,0.1,5.6,mandatory
1216510,1,0.1,5.8,mandatory
1216510,2,0.1,5.8,mandatory
829765,1,0.1,5.6,mandatory
829765,2,0.1,5.6,mandatory
1529311,1,0.1,5.7,mandatory
1529311,2,0.1,5.7,mandatory
980903,1,0.1,5.6,mandatory
980903,2,0.1,5.6,mandatory
335993,1,0.1,5.6,mandatory
335993,2,0.1,5.6,mandatory
1304073,1,0.1,5.6,mandatory
1304073,2,0.1,5.6,mandatory
419140,1,0.1,5.6,mandatory
419140,2,0.1,5.6,mandatory
336038,1,0.1,5.6,mandatory
336038,2,0.1,5.6,mandatory
1082620,1,0.1,5.6,mandatory
1082620,2,0.1,5.6,mandatory
501242,1,0.1,5.6,mandatory
501242,2,0.1,5.6,mandatory
1216547,1,0.1,5.7,mandatory
1216547,2,0.1,5.6,mandatory
548368,1,0.1,5.6,mandatory
548368,2,0.1,5.6,mandatory
598070,1,0.1,5.6,mandatory
598070,2,0.1,5.6,mandatory
1254108,1,0.1,5.6,mandatory
1254108,2,0.1,5.7,mandatory
1426294,1,0.1,5.6,mandatory
1426294,2,0.1,5.6,mandatory
829749,1,0.1,5.6,mandatory
829749,2,0.1,5.6,mandatory
981001,1,0.1,5.7,mandatory
981001,2,0.1,5.7,mandatory
733993,1,0.1,5.6,mandatory
733993,2,0.1,1.8,mandatory
548313,1,0.1,5.6,mandatory
548313,2,0.1,5.6,mandatory
1216496,1,0.1,5.6,mandatory
1216496,2,0.1,5.6,mandatory
1473470,1,0.1,5.6,mandatory
1473470,2,0.1,5.6,mandatory
501239,1,0.1,5.7,mandatory
501239,2,0.1,5.6,mandatory
1178419,1,0.1,5.6,mandatory
1178419,2,0.1,5.6,mandatory
1529278,1,0.1,5.6,mandatory
1529278,2,0.1,5.6,mandatory
1529297,1,0.1,5.6,mandatory
1529297,2,0.1,5.6,mandatory
548344,1,0.1,5.6,mandatory
548344,2,0.1,5.6,mandatory
336014,1,0.1,5.6,mandatory
336014,2,0.1,5.9,mandatory
829821,1,0.1,5.6,mandatory
829821,2,0.1,5.6,mandatory
1426312,1,0.1,5.7,mandatory
1426312,2,0.1,5.6,mandatory
392221,1,0.1,5.6,mandatory
392221,2,0.1,5.6,mandatory
1359531,1,0.1,5.6,mandatory
1359531,2,0.1,5.6,mandatory
1254061,1,0.1,5.6,mandatory
1254061,2,0.1,5.6,mandatory
980997,1,0.1,5.6,mandatory
980997,2,0.1,5.7,mandatory
548352,1,0.1,5.7,mandatory
548352,2,0.1,5.6,mandatory
336002,1,0.1,5.6,mandatory
336002,2,0.1,5.6,mandatory
1254098,1,0.1,5.6,mandatory
1254098,2,0.1,5.6,mandatory
1527677,1,0.1,5.6,mandatory
1527677,2,0.1,5.6,mandatory
1136608,1,0.1,5.6,mandatory
1136608,2,0.1,5.6,mandatory
980981,1,0.1,5.6,mandatory
980981,2,0.1,5.6,mandatory
1254077,1,0.1,5.6,mandatory
1254077,2,0.1,5.6,mandatory
1359527,1,0.1,5.6,mandatory
1359527,2,0.1,5.6,mandatory
392237,1,0.1,5.6,mandatory
392237,2,0.1,5.7,mandatory
733985,1,0.1,5.6,mandatory
733985,2,0.1,5.6,mandatory
1178399,1,0.1,5.6,mandatory
1178399,2,0.1,5.6,mandatory
1473489,1,0.1,5.6,mandatory
1473489,2,0.1,5.6,mandatory
981017,1,0.1,5.6,mandatory
981017,2,0.1,5.6,mandatory
1136599,1,0.1,5.6,mandatory
1136599,2,0.1,5.6,mandatory
1136576,1,0.1,5.6,mandatory
1136576,2,0.1,5.6,mandatory
1473466,1,0.1,5.7,mandatory
1473466,2,0.1,5.6,mandatory
980939,1,0.1,5.6,mandatory
980939,2,0.1,5.7,mandatory
1304049,1,0.1,5.6,mandatory
1304049,2,0.1,5.6,mandatory
1529281,1,0.1,5.6,mandatory
1529281,2,0.1,5.6,mandatory
1304048,1,0.1,5.6,mandatory
1304048,2,0.1,5.6,mandatory
1529280,1,0.1,5.6,mandatory
1529280,2,0.1,5.6,mandatory
1178398,1,0.1,5.6,mandatory
1178398,2,0.1,5.7,mandatory
1136598,1,0.1,5.6,mandatory
1136598,2,0.1,5.6,mandatory
1473488,1,0.1,5.6,mandatory
1473488,2,0.1,5.6,mandatory
1473467,1,0.1,5.6,mandatory
1473467,2,0.1,5.6,mandatory
1136577,1,0.1,5.6,mandatory
1136577,2,0.1,5.6,mandatory
1426305,1,0.1,5.6,mandatory
1426305,2,0.1,5.6,mandatory
1254099,1,0.1,5.6,mandatory
1254099,2,0.1,5.6,mandatory
1527676,1,0.1,5.6,mandatory
1527676,2,0.1,5.6,mandatory
1136609,1,0.1,5.6,mandatory
1136609,2,0.1,5.7,mandatory
1359526,1,0.1,5.6,mandatory
1359526,2,0.1,5.6,mandatory
1254076,1,0.1,5.7,mandatory
1254076,2,0.1,5.6,mandatory
392236,1,0.1,5.6,mandatory
392236,2,0.1,5.7,mandatory
829709,1,0.1,5.6,mandatory
829709,2,0.1,5.7,mandatory
548353,1,0.1,5.7,mandatory
548353,2,0.1,5.7,mandatory
336003,1,0.1,5.7,mandatory
336003,2,0.1,5.7,mandatory
980979,1,0.1,5.6,mandatory
980979,2,0.1,5.6,mandatory
1359475,1,0.1,5.6,mandatory
1359475,2,0.1,5.6,mandatory
392220,1,0.1,5.6,mandatory
392220,2,0.1,5.6,mandatory
1254060,1,0.1,5.6,mandatory
1254060,2,0.1,5.6,mandatory
1359530,1,0.1,5.6,mandatory
1359530,2,0.1,5.6,mandatory
548345,1,0.1,5.6,mandatory
548345,2,0.1,5.6,mandatory
336015,1,0.1,5.6,mandatory
336015,2,0.1,5.6,mandatory
1178418,1,0.1,5.6,mandatory
1178418,2,0.1,5.6,mandatory
1529279,1,0.1,5.7,mandatory
1529279,2,0.1,5.8,mandatory
1529296,1,0.1,5.8,mandatory
1529296,2,0.1,5.7,mandatory
548312,1,0.1,5.6,mandatory
548312,2,0.1,5.7,mandatory
1216497,1,0.1,5.6,mandatory
1216497,2,0.1,5.6,mandatory
1136561,1,0.1,5.6,mandatory
1136561,2,0.1,5.6,mandatory
1473471,1,0.1,3.6,mandatory
1473471,2,0.1,3.6,mandatory
501238,1,0.1,5.7,mandatory
501238,2,0.1,5.9,mandatory
1254109,1,0.1,5.6,mandatory
1254109,2,0.1,5.6,mandatory
1426295,1,0.1,5.6,mandatory
1426295,2,0.1,5.6,mandatory
980955,1,0.1,5.6,mandatory
980955,2,0.1,5.6,mandatory
419141,1,0.1,5.6,mandatory
419141,2,0.1,5.6,mandatory
1082621,1,0.1,5.6,mandatory
1082621,2,0.1,5.6,mandatory
336039,1,0.1,5.6,mandatory
336039,2,0.1,5.6,mandatory
501243,1,0.1,5.6,mandatory
501243,2,0.1,5.7,mandatory
829733,1,0.1,5.6,mandatory
829733,2,0.1,5.6,mandatory
1216546,1,0.1,5.6,mandatory
1216546,2,0.1,5.6,mandatory
548369,1,0.1,5.6,mandatory
548369,2,0.1,5.6,mandatory
598071,1,0.1,5.6,mandatory
598071,2,0.1,5.6,mandatory
1529310,1,0.1,5.6,mandatory
1529310,2,0.1,5.6,mandatory
734001,1,0.1,5.6,mandatory
734001,2,0.1,5.6,mandatory
1304072,1,0.1,5.6,mandatory
1304072,2,0.1,5.6,mandatory
335992,1,0.1,5.6,mandatory
335992,2,0.1,5.6,mandatory
501214,1,0.1,5.6,mandatory
501214,2,0.1,5.6,mandatory
1181768,1,0.1,5.6,mandatory
1181768,2,0.1,5.7,mandatory
419116,1,0.1,5.6,mandatory
419116,2,0.1,5.6,mandatory
598026,1,0.1,5.6,mandatory
598026,2,0.1,5.6,mandatory
1216511,1,0.1,5.7,mandatory
1216511,2,0.1,5.6,mandatory
734017,1,0.1,5.7,mandatory
734017,2,0.1,5.7,mandatory
1529306,1,0.1,5.6,mandatory
1529306,2,0.1,5.6,mandatory
1178422,1,0.1,5.6,mandatory
1178422,2,0.1,5.6,mandatory
1304064,1,0.1,5.6,mandatory
1304064,2,0.1,5.6,mandatory
335984,1,0.1,5.6,mandatory
335984,2,0.1,5.7,mandatory
501202,1,0.1,5.6,mandatory
501202,2,0.1,5.6,mandatory
1216507,1,0.1,5.6,mandatory
1216507,2,0.1,5.6,mandatory
548328,1,0.1,5.6,mandatory
548328,2,0.1,5.6,mandatory
598030,1,0.1,5.6,mandatory
598030,2,0.1,5.6,mandatory
980943,1,0.1,5.6,mandatory
980943,2,0.1,5.7,mandatory
1426283,1,0.1,5.7,mandatory
1426283,2,0.1,5.6,mandatory
501255,1,0.1,5.6,mandatory
501255,2,0.1,3.7,mandatory
1082637,1,0.1,5.6,mandatory
1082637,2,0.1,5.6,mandatory
419157,1,0.1,5.6,mandatory
419157,2,0.1,5.6,mandatory
598067,1,0.1,5.7,mandatory
598067,2,0.1,5.6,mandatory
829725,1,0.1,5.6,mandatory
829725,2,0.1,5.6,mandatory
1473484,1,0.1,5.7,mandatory
1473484,2,0.1,5.6,mandatory
1136594,1,0.1,5.7,mandatory
1136594,2,0.1,5.7,mandatory
1178394,1,0.1,5.6,mandatory
1178394,2,0.1,5.6,mandatory
1216527,1,0.1,5.6,mandatory
1216527,2,0.1,5.6,mandatory
548308,1,0.1,5.6,mandatory
548308,2,0.1,5.6,mandatory
598010,1,0.1,5.6,mandatory
598010,2,0.1,5.6,mandatory
419120,1,0.1,5.6,mandatory
419120,2,0.1,5.6,mandatory
1082640,1,0.1,5.6,mandatory
1082640,2,0.1,5.6,mandatory
501222,1,0.1,5.7,mandatory
501222,2,0.1,5.6,mandatory
1178402,1,0.1,5.6,mandatory
1178402,2,0.1,5.6,mandatory
1304101,1,0.1,5.7,mandatory
1304101,2,0.1,5.6,mandatory
734037,1,0.1,5.6,mandatory
734037,2,0.1,5.7,mandatory
598047,1,0.1,5.7,mandatory
598047,2,0.1,5.6,mandatory
829705,1,0.1,5.6,mandatory
829705,2,0.1,5.6,mandatory
1422126,1,0.1,5.7,mandatory
1422126,2,0.1,5.6,mandatory
1082617,1,0.1,5.6,mandatory
1082617,2,0.1,5.6,mandatory
1136605,1,0.1,5.6,mandatory
1136605,2,0.1,5.6,mandatory
980963,1,0.1,5.6,mandatory
980963,2,0.1,5.6,mandatory
1370352,1,0.1,5.7,mandatory
1370352,2,0.1,5.6,mandatory
1254095,1,0.1,5.6,mandatory
1254095,2,0.1,5.6,mandatory
1426309,1,0.1,5.6,mandatory
1426309,2,0.1,5.7,mandatory
1359480,1,0.1,5.6,mandatory
1359480,2,0.1,5.6,mandatory
597998,1,0.1,5.6,mandatory
597998,2,0.1,5.6,mandatory
1422130,1,0.1,5.6,mandatory
1422130,2,0.1,5.6,mandatory
829713,1,0.1,5.6,mandatory
829713,2,0.1,5.6,mandatory
548349,1,0.1,5.6,mandatory
548349,2,0.1,5.6,mandatory
598051,1,0.1,5.6,mandatory
598051,2,0.1,5.6,mandatory
419161,1,0.1,5.6,mandatory
419161,2,0.1,5.7,mandatory
1082601,1,0.1,5.6,mandatory
1082601,2,0.1,5.6,mandatory
336019,1,0.1,5.6,mandatory
336019,2,0.1,5.6,mandatory
501263,1,0.1,5.6,mandatory
501263,2,0.1,5.6,mandatory
1359479,1,0.1,5.6,mandatory
1359479,2,0.1,5.6,mandatory
1254083,1,0.1,5.6,mandatory
1254083,2,0.1,5.6,mandatory
980975,1,0.1,5.6,mandatory
980975,2,0.1,5.6,mandatory
1136613,1,0.1,5.6,mandatory
1136613,2,0.1,5.6,mandatory
1527683,1,0.1,5.6,mandatory
1527683,2,0.1,5.6,mandatory
1359496,1,0.1,5.6,mandatory
1359496,2,0.1,5.6,mandatory
598006,1,0.1,5.6,mandatory
598006,2,0.1,5.6,mandatory
1216531,1,0.1,5.7,mandatory
1216531,2,0.1,5.6,mandatory
1136582,1,0.1,5.6,mandatory
1136582,2,0.1,5.6,mandatory
1473492,1,0.1,5.6,mandatory
501234,1,0.1,5.6,mandatory
501234,2,0.1,5.6,mandatory
733971,1,0.1,4.6,mandatory
733971,2,0.1,4.6,mandatory
419136,1,0.1,5.6,mandatory
419136,2,0.1,5.6,mandatory
1304052,1,0.1,5.7,mandatory
1304052,2,0.1,5.7,mandatory
1529275,1,0.1,5.6,mandatory
1529275,2,0.1,5.6,mandatory
1178414,1,0.1,5.6,mandatory
1178414,2,0.1,5.6,mandatory
1175363,1,0.1,5.6,mandatory
1175363,2,0.1,5.6,mandatory
734021,1,0.1,5.6,mandatory
734021,2,0.1,5.6,mandatory
336035,1,0.1,5.7,mandatory
336035,2,0.1,5.6,mandatory
548365,1,0.1,5.6,mandatory
548365,2,0.1,5.6,mandatory
392200,1,0.1,5.6,mandatory
392200,2,0.1,5.6,mandatory
1426276,1,0.1,5.6,mandatory
1426276,2,0.1,5.6,mandatory
1359510,1,0.1,5.6,mandatory
1359510,2,0.1,5.6,mandatory
980959,1,0.1,5.6,mandatory
980959,2,0.1,5.6,mandatory
1426299,1,0.1,5.6,mandatory
1426299,2,0.1,5.6,mandatory
1254105,1,0.1,5.6,mandatory
1254105,2,0.1,5.6,mandatory
1181764,1,0.1,5.6,mandatory
1181764,2,0.1,5.6,mandatory
392191,1,0.1,5.6,mandatory
392191,2,0.1,5.6,mandatory
829787,1,0.1,5.6,mandatory
829787,2,0.1,5.6,mandatory
1473451,1,0.1,5.6,mandatory
1473451,2,0.1,5.6,mandatory
501218,1,0.1,5.6,mandatory
501218,2,0.1,5.6,mandatory
548332,1,0.1,5.6,mandatory
548332,2,0.1,5.6,mandatory
1304091,1,0.1,5.6,mandatory
1304091,2,0.1,5.6,mandatory
1473447,1,0.1,5.6,mandatory
1473447,2,0.1,5.7,mandatory
829791,1,0.1,5.6,mandatory
829791,2,0.1,5.6,mandatory
548324,1,0.1,5.6,mandatory
548324,2,0.1,5.6,mandatory
1473502,1,0.1,5.6,mandatory
1473502,2,0.1,5.6,mandatory
729279,1,0.1,5.6,mandatory
729279,2,0.1,5.6,mandatory
1175359,1,0.1,5.6,mandatory
1175359,2,0.1,5.6,mandatory
1304087,1,0.1,5.6,mandatory
1304087,2,0.1,5.6,mandatory
335988,1,0.1,5.6,mandatory
335988,2,0.1,5.7,mandatory
1304068,1,0.1,5.6,mandatory
1304068,2,0.1,5.6,mandatory
336023,1,0.1,5.6,mandatory
336023,2,0.1,5.6,mandatory
501259,1,0.1,5.6,mandatory
501259,2,0.1,5.7,mandatory
829729,1,0.1,5.6,mandatory
829729,2,0.1,5.6,mandatory
548373,1,0.1,5.6,mandatory
548373,2,0.1,5.7,mandatory
1359506,1,0.1,5.6,mandatory
1359506,2,0.1,5.6,mandatory
1426260,1,0.1,5.7,mandatory
1426260,2,0.1,5.6,mandatory
392216,1,0.1,5.6,mandatory
392216,2,0.1,5.6,mandatory
1254113,1,0.1,5.7,mandatory
1254113,2,0.1,5.6,mandatory
419150,1,0.1,5.6,mandatory
419150,2,0.1,5.7,mandatory
1082630,1,0.1,5.6,mandatory
1082630,2,0.1,5.6,mandatory
336028,1,0.1,5.6,mandatory
336028,2,0.1,5.6,mandatory
501252,1,0.1,5.6,mandatory
501252,2,0.1,5.6,mandatory
548378,1,0.1,5.6,mandatory
548378,2,0.1,5.6,mandatory
598060,1,0.1,5.7,mandatory
598060,2,0.1,5.6,mandatory
734047,1,0.1,5.6,mandatory
734047,2,0.1,5.7,mandatory
1426284,1,0.1,5.6,mandatory
1426284,2,0.1,5.6,mandatory
501205,1,0.1,5.6,mandatory
501205,2,0.1,5.6,mandatory
419107,1,0.1,5.6,mandatory
419107,2,0.1,5.6,mandatory
1216500,1,0.1,5.7,mandatory
1216500,2,0.1,5.6,mandatory
598037,1,0.1,5.6,mandatory
598037,2,0.1,5.6,mandatory
1473509,1,0.1,5.6,mandatory
1473509,2,0.1,5.6,mandatory
829775,1,0.1,5.6,mandatory
829775,2,0.1,5.6,mandatory
1529301,1,0.1,5.6,mandatory
1529301,2,0.1,5.6,mandatory
335983,1,0.1,5.6,mandatory
335983,2,0.1,5.8,mandatory
1304063,1,0.1,5.6,mandatory
1304063,2,0.1,5.6,mandatory
980913,1,0.1,5.6,mandatory
980913,2,0.1,5.6,mandatory
1178425,1,0.1,5.6,mandatory
1178425,2,0.1,5.6,mandatory
419111,1,0.1,5.6,mandatory
419111,2,0.1,5.6,mandatory
501213,1,0.1,5.7,mandatory
501213,2,0.1,5.8,mandatory
829763,1,0.1,5.8,mandatory
548339,1,0.1,5.6,mandatory
548339,2,0.1,5.7,mandatory
598021,1,0.1,5.6,mandatory
598021,2,0.1,5.6,mandatory
1216516,1,0.1,5.6,mandatory
1216516,2,0.1,5.6,mandatory
980905,1,0.1,5.6,mandatory
980905,2,0.1,5.6,mandatory
335995,1,0.1,5.6,mandatory
335995,2,0.1,5.6,mandatory
1304075,1,0.1,5.7,mandatory
1304075,2,0.1,5.6,mandatory
501244,1,0.1,5.6,mandatory
501244,2,0.1,5.6,mandatory
1082626,1,0.1,5.6,mandatory
1082626,2,0.1,5.7,mandatory
419146,1,0.1,5.6,mandatory
419146,2,0.1,5.6,mandatory
548381,1,0.1,5.7,mandatory
548381,2,0.1,5.6,mandatory
1216541,1,0.1,5.6,mandatory
1216541,2,0.1,5.6,mandatory
1426292,1,0.1,5.6,mandatory
1426292,2,0.1,5.7,mandatory
733995,1,0.1,5.6,mandatory
733995,2,0.1,5.6,mandatory
548315,1,0.1,5.6,mandatory
548315,2,0.1,5.6,mandatory
1136589,1,0.1,5.6,mandatory
1136589,2,0.1,5.6,mandatory
1473499,1,0.1,5.6,mandatory
1473499,2,0.1,5.8,mandatory
981007,1,0.1,5.6,mandatory
981007,2,0.1,5.6,mandatory
1473476,1,0.1,5.6,mandatory
1473476,2,0.1,5.6,mandatory
1136566,1,0.1,5.6,mandatory
1136566,2,0.1,1.7,mandatory
1304059,1,0.1,5.6,mandatory
1304059,2,0.1,5.6,mandatory
980929,1,0.1,5.6,mandatory
980929,2,0.1,5.6,mandatory
1529291,1,0.1,5.6,mandatory
1529291,2,0.1,5.6,mandatory
1175368,1,0.1,5.6,mandatory
1175368,2,0.1,5.6,mandatory
548342,1,0.1,5.7,mandatory
548342,2,0.1,5.6,mandatory
336012,1,0.1,4.6,mandatory
336012,2,0.1,4.8,mandatory
501268,1,0.1,5.7,mandatory
501268,2,0.1,5.6,mandatory
1254088,1,0.1,5.6,mandatory
1254088,2,0.1,5.6,mandatory
1136618,1,0.1,5.6,mandatory
1136618,2,0.1,5.6,mandatory
1527688,1,0.1,5.6,mandatory
1527688,2,0.1,5.6,mandatory
980991,1,0.1,5.6,mandatory
980991,2,0.1,5.6,mandatory
392227,1,0.1,5.6,mandatory
392227,2,0.1,5.6,mandatory
1359537,1,0.1,5.6,mandatory
1359537,2,0.1,5.7,mandatory
1254067,1,0.1,5.6,mandatory
1254067,2,0.1,5.6,mandatory
548354,1,0.1,5.7,mandatory
548354,2,0.1,5.7,mandatory
336004,1,0.1,5.6,mandatory
336004,2,0.1,5.6,mandatory
1426302,1,0.1,5.7,mandatory
1426302,2,0.1,5.6,mandatory
1254071,1,0.1,5.6,mandatory
1254071,2,0.1,5.7,mandatory
1359521,1,0.1,5.6,mandatory
1359521,2,0.1,5.7,mandatory
392231,1,0.1,5.6,mandatory
392231,2,0.1,5.6,mandatory
980987,1,0.1,5.6,mandatory
980987,2,0.1,5.7,mandatory
829759,1,0.1,5.6,mandatory
829759,2,0.1,5.8,mandatory
981011,1,0.1,5.6,mandatory
981011,2,0.1,5.6,mandatory
733983,1,0.1,5.6,mandatory
733983,2,0.1,5.6,mandatory
501229,1,0.1,5.6,mandatory
501229,2,0.1,5.6,mandatory
1136570,1,0.1,5.6,mandatory
1136570,2,0.1,5.7,mandatory
1473460,1,0.1,5.7,mandatory
1473460,2,0.1,5.6,mandatory
1178409,1,0.1,5.7,mandatory
1178409,2,0.1,5.6,mandatory
1529268,1,0.1,5.6,mandatory
1529268,2,0.1,5.6,mandatory
1529287,1,0.1,5.6,mandatory
1529287,2,0.1,5.6,mandatory
1426267,1,0.1,5.6,mandatory
1426267,2,0.1,5.6,mandatory
1359501,1,0.1,5.6,mandatory
1359501,2,0.1,5.7,mandatory
392211,1,0.1,5.6,mandatory
392211,2,0.1,5.7,mandatory
501198,1,0.1,5.6,mandatory
501198,2,0.1,5.7,mandatory
1254114,1,0.1,5.6,mandatory
1254114,2,0.1,5.6,mandatory
829811,1,0.1,5.6,mandatory
829811,2,0.1,5.7,mandatory
1426288,1,0.1,5.6,mandatory
1426288,2,0.1,5.7,mandatory
336024,1,0.1,5.6,mandatory
336024,2,0.1,5.7,mandatory
548374,1,0.1,5.6,mandatory
548374,2,0.1,5.7,mandatory
1304080,1,0.1,5.6,mandatory
1304080,2,0.1,5.6,mandatory
1237178,1,0.1,5.6,mandatory
1237178,2,0.1,5.6,mandatory
1178429,1,0.1,5.6,mandatory
1178429,2,0.1,5.6,mandatory
729291,1,0.1,5.7,mandatory
729291,2,0.1,5.6,mandatory
501209,1,0.1,5.6,mandatory
501209,2,0.1,5.6,mandatory
1473440,1,0.1,5.7,mandatory
1473440,2,0.1,5.6,mandatory
829779,1,0.1,5.6,mandatory
829779,2,0.1,5.6,mandatory
1473505,1,0.1,5.6,mandatory
1473505,2,0.1,5.6,mandatory
548323,1,0.1,5.6,mandatory
548323,2,0.1,5.6,mandatory
1359540,1,0.1,5.6,mandatory
1359540,2,0.1,5.6,mandatory
1304096,1,0.1,5.7,mandatory
1304096,2,0.1,5.6,mandatory
1304079,1,0.1,5.6,mandatory
1304079,2,0.1,5.6,mandatory
335999,1,0.1,5.6,mandatory
335999,2,0.1,5.6,mandatory
980909,1,0.1,5.6,mandatory
980909,2,0.1,5.7,mandatory
729287,1,0.1,5.7,mandatory
729287,2,0.1,5.6,mandatory
1237181,1,0.1,5.6,mandatory
1237181,2,0.1,5.6,mandatory
1473456,1,0.1,5.6,mandatory
1473456,2,0.1,5.6,mandatory
392196,1,0.1,5.6,mandatory
392196,2,0.1,5.6,mandatory
548335,1,0.1,5.6,mandatory
548335,2,0.1,5.6,mandatory
392207,1,0.1,5.6,mandatory
392207,2,0.1,5.6,mandatory
1359517,1,0.1,5.6,mandatory
1359517,2,0.1,5.6,mandatory
1426271,1,0.1,5.6,mandatory
1426271,2,0.1,5.6,mandatory
829807,1,0.1,2.7,mandatory
829807,2,0.1,1.6,mandatory
1254102,1,0.1,5.6,mandatory
1254102,2,0.1,5.6,mandatory
336032,1,0.1,5.6,mandatory
336032,2,0.1,5.6,mandatory
501248,1,0.1,5.6,mandatory
501248,2,0.1,5.6,mandatory
548362,1,0.1,5.6,mandatory
548362,2,0.1,5.6,mandatory
1178413,1,0.1,5.6,mandatory
1178413,2,0.1,5.7,mandatory
729301,1,0.1,5.6,mandatory
729301,2,0.1,5.7,mandatory
1529272,1,0.1,5.6,mandatory
1529272,2,0.1,5.6,mandatory
980925,1,0.1,5.6,mandatory
980925,2,0.1,5.6,mandatory
1304055,1,0.1,5.6,mandatory
1304055,2,0.1,5.6,mandatory
1082597,1,0.1,5.8,mandatory
1082597,2,0.1,5.7,mandatory
1304110,1,0.1,5.6,mandatory
1304110,2,0.1,5.6,mandatory
1175364,1,0.1,5.6,mandatory
1175364,2,0.1,5.6,mandatory
829743,1,0.1,5.6,mandatory
829743,2,0.1,3.6,mandatory
1473495,1,0.1,5.6,mandatory
1136585,1,0.1,5.7,mandatory
1136585,2,0.1,5.6,mandatory
548319,1,0.1,5.6,mandatory
548319,2,0.1,5.6,mandatory
598001,1,0.1,5.7,mandatory
598001,2,0.1,5.6,mandatory
1216536,1,0.1,5.6,mandatory
1216536,2,0.1,5.6,mandatory
733999,1,0.1,5.6,mandatory
733999,2,0.1,5.6,mandatory
419131,1,0.1,5.6,mandatory
419131,2,0.1,5.6,mandatory
501233,1,0.1,5.7,mandatory
501233,2,0.1,5.6,mandatory
1136614,1,0.1,5.7,mandatory
1136614,2,0.1,5.6,mandatory
1254084,1,0.1,5.6,mandatory
1254084,2,0.1,5.6,mandatory
1359491,1,0.1,5.6,mandatory
1359491,2,0.1,5.6,mandatory
1527684,1,0.1,5.6,mandatory
1527684,2,0.1,5.6,mandatory
598056,1,0.1,5.6,mandatory
598056,2,0.1,5.6,mandatory
1422137,1,0.1,5.6,mandatory
1422137,2,0.1,5.6,mandatory
501264,1,0.1,5.6,mandatory
501264,2,0.1,5.6,mandatory
1082606,1,0.1,5.6,mandatory
1082606,2,0.1,5.6,mandatory
1254092,1,0.1,5.7,mandatory
1254092,2,0.1,5.6,mandatory
1136602,1,0.1,5.6,mandatory
1136602,2,0.1,5.6,mandatory
1527692,1,0.1,5.6,mandatory
1527692,2,0.1,5.6,mandatory
1359487,1,0.1,5.7,mandatory
1359487,2,0.1,5.6,mandatory
1422121,1,0.1,5.7,mandatory
1422121,2,0.1,5.6,mandatory
548358,1,0.1,5.6,mandatory
548358,2,0.1,5.6,mandatory
598040,1,0.1,5.6,mandatory
598040,2,0.1,5.6,mandatory
1082610,1,0.1,5.6,mandatory
1082610,2,0.1,5.6,mandatory
336008,1,0.1,5.6,mandatory
336008,2,0.1,5.6,mandatory
1312197,1,0.1,5.6,mandatory
1312197,2,0.1,5.7,mandatory
980933,1,0.1,5.7,mandatory
980933,2,0.1,5.6,mandatory
1529264,1,0.1,5.6,mandatory
1529264,2,0.1,5.6,mandatory
729317,1,0.1,5.6,mandatory
729317,2,0.1,5.6,mandatory
1178405,1,0.1,5.6,mandatory
1178405,2,0.1,5.6,mandatory
1175372,1,0.1,5.6,mandatory
1175372,2,0.1,5.6,mandatory
1304106,1,0.1,5.7,mandatory
1304106,2,0.1,5.6,mandatory
1178393,1,0.1,5.6,mandatory
1178393,2,0.1,5.6,mandatory
1216520,1,0.1,5.6,mandatory
1216520,2,0.1,5.6,mandatory
598017,1,0.1,5.6,mandatory
598017,2,0.1,5.6,mandatory
1136593,1,0.1,5.6,mandatory
1136593,2,0.1,5.6,mandatory
1473483,1,0.1,5.6,mandatory
1473483,2,0.1,5.6,mandatory
501225,1,0.1,5.6,mandatory
501225,2,0.1,5.6,mandatory
1082647,1,0.1,5.6,mandatory
1082647,2,0.1,5.6,mandatory
419127,1,0.1,5.7,mandatory
419127,2,0.1,5.6,mandatory
1216521,1,0.1,5.7,mandatory
1216521,2,0.1,5.6,mandatory
598016,1,0.1,5.6,mandatory
598016,2,0.1,5.6,mandatory
1473482,1,0.1,5.6,mandatory
1473482,2,0.1,5.7,mandatory
1136592,1,0.1,4.6,mandatory
1136592,2,0.1,3.6,mandatory
501224,1,0.1,5.7,mandatory
501224,2,0.1,5.6,mandatory
1082646,1,0.1,5.6,mandatory
1082646,2,0.1,5.6,mandatory
419126,1,0.1,5.6,mandatory
419126,2,0.1,5.6,mandatory
1529265,1,0.1,5.6,mandatory
1529265,2,0.1,5.6,mandatory
1178404,1,0.1,5.6,mandatory
1178404,2,0.1,5.6,mandatory
734031,1,0.1,5.6,mandatory
734031,2,0.1,5.6,mandatory
1304107,1,0.1,5.6,mandatory
1304107,2,0.1,5.7,mandatory
1422120,1,0.1,5.6,mandatory
1422120,2,0.1,5.6,mandatory
548359,1,0.1,5.6,mandatory
548359,2,0.1,5.8,mandatory
598041,1,0.1,5.6,mandatory
598041,2,0.1,5.6,mandatory
336009,1,0.1,5.6,mandatory
336009,2,0.1,5.7,mandatory
1082611,1,0.1,5.6,mandatory
1082611,2,0.1,5.6,mandatory
1254093,1,0.1,5.6,mandatory
1254093,2,0.1,5.7,mandatory
980965,1,0.1,5.6,mandatory
980965,2,0.1,5.6,mandatory
1136603,1,0.1,5.7,mandatory
1136603,2,0.1,5.7,mandatory
1527693,1,0.1,5.7,mandatory
1527693,2,0.1,5.6,mandatory
1359486,1,0.1,5.6,mandatory
1359486,2,0.1,5.6,mandatory
598057,1,0.1,5.6,mandatory
598057,2,0.1,5.7,mandatory
1422136,1,0.1,5.6,mandatory
1422136,2,0.1,5.6,mandatory
829715,1,0.1,5.6,mandatory
829715,2,0.1,5.6,mandatory
501265,1,0.1,5.7,mandatory
1082607,1,0.1,5.7,mandatory
1082607,2,0.1,5.6,mandatory
1136615,1,0.1,5.6,mandatory
1136615,2,0.1,5.8,mandatory
980973,1,0.1,5.6,mandatory
980973,2,0.1,5.6,mandatory
1254085,1,0.1,5.6,mandatory
1254085,2,0.1,5.6,mandatory
1359490,1,0.1,5.6,mandatory
1359490,2,0.1,5.6,mandatory
1527685,1,0.1,3.4,mandatory
1136584,1,0.1,5.6,mandatory
1136584,2,0.1,5.6,mandatory
1473494,1,0.1,5.6,mandatory
1473494,2,0.1,5.6,mandatory
548318,1,0.1,5.7,mandatory
548318,2,0.1,5.6,mandatory
598000,1,0.1,5.7,mandatory
598000,2,0.1,5.7,mandatory
1216537,1,0.1,5.6,mandatory
1216537,2,0.1,5.6,mandatory
733977,1,0.1,5.7,mandatory
733977,2,0.1,5.6,mandatory
419130,1,0.1,5.6,mandatory
419130,2,0.1,5.7,mandatory
1082650,1,0.1,5.6,mandatory
1082650,2,0.1,5.6,mandatory
501232,1,0.1,5.6,mandatory
501232,2,0.1,5.6,mandatory
1178412,1,0.1,5.6,mandatory
1178412,2,0.1,5.6,mandatory
1529273,1,0.1,5.6,mandatory
1529273,2,0.1,5.6,mandatory
1304054,1,0.1,5.6,mandatory
1304054,2,0.1,5.6,mandatory
1082596,1,0.1,5.6,mandatory
1082596,2,0.1,5.6,mandatory
1304111,1,0.1,5.6,mandatory
1304111,2,0.1,5.7,mandatory
734027,1,0.1,5.7,mandatory
734027,2,0.1,5.6,mandatory
1175365,1,0.1,5.6,mandatory
1175365,2,0.1,5.6,mandatory
336033,1,0.1,5.6,mandatory
336033,2,0.1,5.6,mandatory
501249,1,0.1,5.7,mandatory
501249,2,0.1,5.6,mandatory
829739,1,0.1,5.6,mandatory
829739,2,0.1,5.7,mandatory
548363,1,0.1,5.6,mandatory
548363,2,0.1,5.6,mandatory
392206,1,0.1,5.7,mandatory
392206,2,0.1,5.6,mandatory
1426270,1,0.1,5.6,mandatory
1426270,2,0.1,5.6,mandatory
1359516,1,0.1,5.6,mandatory
1359516,2,0.1,5.6,mandatory
1254103,1,0.1,5.6,mandatory
1254103,2,0.1,5.6,mandatory
1473457,1,0.1,5.8,mandatory
1473457,2,0.1,5.6,mandatory
829781,1,0.1,5.6,mandatory
829781,2,0.1,5.6,mandatory
392197,1,0.1,5.7,mandatory
392197,2,0.1,5.6,mandatory
548334,1,0.1,5.7,mandatory
548334,2,0.1,5.6,mandatory
1359541,1,0.1,5.6,mandatory
1359541,2,0.1,5.6,mandatory
1304097,1,0.1,5.6,mandatory
1304097,2,0.1,5.6,mandatory
335998,1,0.1,5.6,mandatory
335998,2,0.1,5.6,mandatory
1304078,1,0.1,5.6,mandatory
1304078,2,0.1,5.7,mandatory
1237180,1,0.1,5.7,mandatory
1237180,2,0.1,5.6,mandatory
392181,1,0.1,5.6,mandatory
392181,2,0.1,5.7,mandatory
501208,1,0.1,5.6,mandatory
501208,2,0.1,5.6,mandatory
829797,1,0.1,5.6,mandatory
829797,2,0.1,5.6,mandatory
1473441,1,0.1,5.7,mandatory
1473441,2,0.1,5.7,mandatory
1473504,1,0.1,5.7,mandatory
1473504,2,0.1,5.6,mandatory
548322,1,0.1,5.6,mandatory
548322,2,0.1,5.6,mandatory
1304081,1,0.1,5.6,mandatory
1304081,2,0.1,5.7,mandatory
1178428,1,0.1,5.6,mandatory
1178428,2,0.1,5.6,mandatory
336025,1,0.1,5.6,mandatory
336025,2,0.1,5.6,mandatory
548375,1,0.1,5.6,mandatory
548375,2,0.1,5.6,mandatory
1485779,1,0.1,5.7,mandatory
1485779,2,0.1,5.6,mandatory
1359500,1,0.1,5.6,mandatory
1359500,2,0.1,5.6,mandatory
1426266,1,0.1,5.6,mandatory
1426266,2,0.1,5.6,mandatory
392210,1,0.1,5.6,mandatory
392210,2,0.1,5.6,mandatory
501199,1,0.1,5.6,mandatory
501199,2,0.1,5.7,mandatory
980949,1,0.1,5.6,mandatory
980949,2,0.1,5.7,mandatory
1254115,1,0.1,5.6,mandatory
1254115,2,0.1,5.6,mandatory
1426289,1,0.1,5.6,mandatory
1426289,2,0.1,5.6,mandatory
1178408,1,0.1,5.6,mandatory
1178408,2,0.1,5.6,mandatory
1529269,1,0.1,5.6,mandatory
1529269,2,0.1,5.6,mandatory
1529286,1,0.1,5.6,mandatory
1529286,2,0.1,5.6,mandatory
501228,1,0.1,5.6,mandatory
501228,2,0.1,5.6,mandatory
1473461,1,0.1,5.6,mandatory
1473461,2,0.1,5.6,mandatory
1136571,1,0.1,5.7,mandatory
1136571,2,0.1,5.7,mandatory
980969,1,0.1,5.6,mandatory
980969,2,0.1,5.6,mandatory
1426303,1,0.1,5.6,mandatory
1426303,2,0.1,5.6,mandatory
1359520,1,0.1,5.6,mandatory
1359520,2,0.1,5.6,mandatory
1254070,1,0.1,5.6,mandatory
1254070,2,0.1,5.6,mandatory
392230,1,0.1,5.6,mandatory
392230,2,0.1,5.6,mandatory
548355,1,0.1,5.6,mandatory
548355,2,0.1,5.6,mandatory
336005,1,0.1,5.6,mandatory
336005,2,0.1,5.6,mandatory
1254089,1,0.1,5.6,mandatory
1254089,2,0.1,5.6,mandatory
1136619,1,0.1,5.6,mandatory
1136619,2,0.1,5.6,mandatory
1527689,1,0.1,5.6,mandatory
1527689,2,0.1,5.6,mandatory
392226,1,0.1,5.8,mandatory
392226,2,0.1,5.7,mandatory
1254066,1,0.1,5.6,mandatory
1254066,2,0.1,5.6,mandatory
1359536,1,0.1,5.6,mandatory
1359536,2,0.1,5.6,mandatory
829719,1,0.1,5.6,mandatory
829719,2,0.1,5.6,mandatory
548343,1,0.1,5.6,mandatory
548343,2,0.1,5.6,mandatory
336013,1,0.1,5.8,mandatory
336013,2,0.1,5.6,mandatory
501269,1,0.1,5.6,mandatory
501269,2,0.1,5.6,mandatory
1304058,1,0.1,5.6,mandatory
1304058,2,0.1,5.6,mandatory
1529290,1,0.1,5.6,mandatory
1529290,2,0.1,5.6,mandatory
1175369,1,0.1,5.6,mandatory
1175369,2,0.1,5.6,mandatory
548314,1,0.1,5.6,mandatory
548314,2,0.1,5.6,mandatory
1473498,1,0.1,5.6,mandatory
1473498,2,0.1,5.6,mandatory
1136588,1,0.1,5.6,mandatory
1136588,2,0.1,5.6,mandatory
1136567,1,0.1,5.6,mandatory
1136567,2,0.1,5.6,mandatory
1473477,1,0.1,5.6,mandatory
1473477,2,0.1,5.6,mandatory
980953,1,0.1,5.8,mandatory
980953,2,0.1,5.6,mandatory
1426293,1,0.1,5.6,mandatory
1426293,2,0.1,5.6,mandatory
501245,1,0.1,5.7,mandatory
501245,2,0.1,5.6,mandatory
1082627,1,0.1,5.8,mandatory
1082627,2,0.1,5.6,mandatory
419147,1,0.1,5.6,mandatory
419147,2,0.1,5.6,mandatory
548380,1,0.1,5.7,mandatory
548380,2,0.1,5.6,mandatory
1216540,1,0.1,5.6,mandatory
1216540,2,0.1,5.6,mandatory
829735,1,0.1,5.6,mandatory
829735,2,0.1,5.6,mandatory
734007,1,0.1,5.6,mandatory
734007,2,0.1,5.6,mandatory
1304074,1,0.1,5.6,mandatory
1304074,2,0.1,5.6,mandatory
335994,1,0.1,5.7,mandatory
335994,2,0.1,5.7,mandatory
419110,1,0.1,5.7,mandatory
419110,2,0.1,5.6,mandatory
501212,1,0.1,5.6,mandatory
501212,2,0.1,5.6,mandatory
598020,1,0.1,5.6,mandatory
598020,2,0.1,5.6,mandatory
1216517,1,0.1,5.6,mandatory
1216517,2,0.1,5.6,mandatory
1529300,1,0.1,5.6,mandatory
1529300,2,0.1,5.7,mandatory
734011,1,0.1,5.6,mandatory
734011,2,0.1,5.7,mandatory
1304062,1,0.1,5.6,mandatory
1304062,2,0.1,5.6,mandatory
335982,1,0.1,5.6,mandatory
335982,2,0.1,5.6,mandatory
1178424,1,0.1,1.6,mandatory
1178424,2,0.1,1.6,mandatory
501204,1,0.1,5.6,mandatory
501204,2,0.1,5.6,mandatory
419106,1,0.1,5.6,mandatory
419106,2,0.1,5.6,mandatory
1216501,1,0.1,5.7,mandatory
1216501,2,0.1,5.6,mandatory
598036,1,0.1,5.6,mandatory
598036,2,0.1,5.6,mandatory
1473508,1,0.1,5.6,mandatory
1473508,2,0.1,5.6,mandatory
1426285,1,0.1,5.6,mandatory
1426285,2,0.1,5.6,mandatory
980945,1,0.1,5.6,mandatory
980945,2,0.1,5.6,mandatory
419151,1,0.1,5.6,mandatory
419151,2,0.1,5.7,mandatory
336029,1,0.1,5.6,mandatory
336029,2,0.1,5.6,mandatory
1082631,1,0.1,5.6,mandatory
1082631,2,0.1,5.7,mandatory
501253,1,0.1,5.6,mandatory
501253,2,0.1,5.6,mandatory
829723,1,0.1,5.6,mandatory
829723,2,0.1,5.7,mandatory
548379,1,0.1,5.6,mandatory
548379,2,0.1,5.6,mandatory
598061,1,0.1,5.6,mandatory
598061,2,0.1,5.6,mandatory
1529285,1,0.1,5.6,mandatory
1529285,2,0.1,5.6,mandatory
1304108,1,0.1,5.6,mandatory
1304108,2,0.1,5.6,mandatory
1312199,1,0.1,5.6,mandatory
1312199,2,0.1,5.6,mandatory
1082649,1,0.1,5.6,mandatory
1082649,2,0.1,5.6,mandatory
1473462,1,0.1,5.6,mandatory
1473462,2,0.1,5.7,mandatory
1136572,1,0.1,5.7,mandatory
1136572,2,0.1,5.6,mandatory
419129,1,0.1,5.6,mandatory
419129,2,0.1,5.6,mandatory
598019,1,0.1,5.6,mandatory
598019,2,0.1,5.6,mandatory
733981,1,0.1,5.6,mandatory
733981,2,0.1,5.6,mandatory
981013,1,0.1,5.6,mandatory
981013,2,0.1,5.6,mandatory
980985,1,0.1,5.6,mandatory
980985,2,0.1,5.7,mandatory
1359523,1,0.1,5.6,mandatory
1359523,2,0.1,5.7,mandatory
1254073,1,0.1,5.7,mandatory
1254073,2,0.1,5.7,mandatory
1359489,1,0.1,5.6,mandatory
1359489,2,0.1,5.6,mandatory
392233,1,0.1,5.6,mandatory
392233,2,0.1,5.6,mandatory
1426300,1,0.1,5.6,mandatory
1426300,2,0.1,5.6,mandatory
336006,1,0.1,5.6,mandatory
336006,2,0.1,5.6,mandatory
548356,1,0.1,5.6,mandatory
548356,2,0.1,5.6,mandatory
392225,1,0.1,5.6,mandatory
392225,2,0.1,5.6,mandatory
1254065,1,0.1,5.6,mandatory
1254065,2,0.1,5.6,mandatory
1359535,1,0.1,5.6,mandatory
1359535,2,0.1,5.6,mandatory
980993,1,0.1,5.6,mandatory
980993,2,0.1,5.6,mandatory
336010,1,0.1,3.6,mandatory
336010,2,0.1,3.6,mandatory
1082608,1,0.1,5.6,mandatory
1082608,2,0.1,5.6,mandatory
598058,1,0.1,5.7,mandatory
598058,2,0.1,5.6,mandatory
1422139,1,0.1,5.6,mandatory
1422139,2,0.1,5.6,mandatory
1082599,1,0.1,5.7,mandatory
1082599,2,0.1,5.7,mandatory
1529293,1,0.1,5.6,mandatory
1529293,2,0.1,5.4,mandatory
1136564,1,0.1,5.6,mandatory
1136564,2,0.1,5.7,mandatory
1473474,1,0.1,5.6,mandatory
1473474,2,0.1,5.6,mandatory
981005,1,0.1,5.6,mandatory
981005,2,0.1,5.6,mandatory
733997,1,0.1,5.6,mandatory
733997,2,0.1,5.6,mandatory
1216538,1,0.1,5.6,mandatory
1216538,2,0.1,5.6,mandatory
1216492,1,0.1,5.6,mandatory
1216492,2,0.1,5.7,mandatory
548317,1,0.1,5.6,mandatory
548317,2,0.1,5.6,mandatory
1535463,1,0.1,5.6,mandatory
1535463,2,0.1,5.6,mandatory
829809,1,0.1,5.6,mandatory
829809,2,0.1,5.7,mandatory
1426290,1,0.1,5.6,mandatory
1426290,2,0.1,5.6,mandatory
1359519,1,0.1,5.6,mandatory
392209,1,0.1,5.6,mandatory
392209,2,0.1,5.6,mandatory
1216543,1,0.1,5.7,mandatory
1216543,2,0.1,5.6,mandatory
419144,1,0.1,5.6,mandatory
419144,2,0.1,5.6,mandatory
501246,1,0.1,5.6,mandatory
501246,2,0.1,5.6,mandatory
1082624,1,0.1,5.6,mandatory
1082624,2,0.1,5.6,mandatory
980907,1,0.1,5.6,mandatory
980907,2,0.1,5.6,mandatory
1304077,1,0.1,5.6,mandatory
1304077,2,0.1,5.6,mandatory
335997,1,0.1,5.6,mandatory
335997,2,0.1,5.6,mandatory
1178431,1,0.1,5.6,mandatory
1178431,2,0.1,5.6,mandatory
729289,1,0.1,5.6,mandatory
729289,2,0.1,5.6,mandatory
1304098,1,0.1,5.7,mandatory
1304098,2,0.1,5.6,mandatory
598023,1,0.1,5.6,mandatory
598023,2,0.1,5.6,mandatory
1216514,1,0.1,5.6,mandatory
1216514,2,0.1,5.6,mandatory
829761,1,0.1,5.6,mandatory
829761,2,0.1,5.6,mandatory
501211,1,0.1,5.6,mandatory
501211,2,0.1,5.6,mandatory
1473458,1,0.1,5.7,mandatory
1473458,2,0.1,5.6,mandatory
392198,1,0.1,5.6,mandatory
392198,2,0.1,5.6,mandatory
419113,1,0.1,5.6,mandatory
419113,2,0.1,5.6,mandatory
1178427,1,0.1,5.6,mandatory
1178427,2,0.1,5.6,mandatory
1304061,1,0.1,5.6,mandatory
1304061,2,0.1,5.7,mandatory
980911,1,0.1,5.6,mandatory
980911,2,0.1,5.7,mandatory
1529303,1,0.1,5.7,mandatory
1529303,2,0.1,5.6,mandatory
829777,1,0.1,5.6,mandatory
829777,2,0.1,5.6,mandatory
1216502,1,0.1,5.6,mandatory
1216502,2,0.1,5.6,mandatory
598035,1,0.1,5.8,mandatory
598035,2,0.1,5.6,mandatory
501207,1,0.1,5.6,mandatory
501207,2,0.1,5.6,mandatory
1136620,1,0.1,5.7,mandatory
1136620,2,0.1,5.7,mandatory
1426286,1,0.1,5.6,mandatory
1426286,2,0.1,5.6,mandatory
1426269,1,0.1,5.6,mandatory
1426269,2,0.1,5.7,mandatory
734045,1,0.1,5.6,mandatory
734045,2,0.1,5.6,mandatory
598062,1,0.1,5.6,mandatory
598062,2,0.1,5.6,mandatory
1082632,1,0.1,5.6,mandatory
1082632,2,0.1,5.6,mandatory
501250,1,0.1,5.6,mandatory
501250,2,0.1,5.6,mandatory
419152,1,0.1,5.6,mandatory
419152,2,0.1,5.7,mandatory
419125,1,0.1,5.6,mandatory
419125,2,0.1,5.6,mandatory
501227,1,0.1,5.6,mandatory
501227,2,0.1,5.6,mandatory
1082645,1,0.1,5.8,mandatory
1082645,2,0.1,5.6,mandatory
1473481,1,0.1,5.6,mandatory
1473481,2,0.1,0.7,mandatory
1136591,1,0.1,5.6,mandatory
1136591,2,0.1,5.6,mandatory
829757,1,0.1,5.7,mandatory
829757,2,0.1,5.6,mandatory
1216522,1,0.1,5.7,mandatory
1216522,2,0.1,5.6,mandatory
598015,1,0.1,5.6,mandatory
598015,2,0.1,5.6,mandatory
1304104,1,0.1,5.6,mandatory
1304104,2,0.1,5.6,mandatory
1529289,1,0.1,5.6,mandatory
1529289,2,0.1,5.7,mandatory
1175370,1,0.1,5.6,mandatory
1175370,2,0.1,5.6,mandatory
1529266,1,0.1,5.6,mandatory
1529266,2,0.1,5.6,mandatory
1178407,1,0.1,5.6,mandatory
1178407,2,0.1,5.6,mandatory
729315,1,0.1,5.7,mandatory
729315,2,0.1,5.7,mandatory
980931,1,0.1,5.7,mandatory
980931,2,0.1,5.6,mandatory
1082612,1,0.1,5.6,mandatory
1082612,2,0.1,5.7,mandatory
501270,1,0.1,5.6,mandatory
501270,2,0.1,5.7,mandatory
1473439,1,0.1,5.7,mandatory
1473439,2,0.1,5.6,mandatory
598042,1,0.1,5.6,mandatory
598042,2,0.1,5.6,mandatory
1422123,1,0.1,5.6,mandatory
1422123,2,0.1,5.6,mandatory
1359485,1,0.1,5.6,mandatory
1359485,2,0.1,5.7,mandatory
1527690,1,0.1,5.7,mandatory
1527690,2,0.1,5.6,mandatory
980989,1,0.1,5.6,mandatory
980989,2,0.1,2.6,mandatory
1136600,1,0.1,5.6,mandatory
1136600,2,0.1,5.6,mandatory
1254090,1,0.1,5.7,mandatory
1254090,2,0.1,5.6,mandatory
419164,1,0.1,5.6,mandatory
419164,2,0.1,5.7,mandatory
501266,1,0.1,5.6,mandatory
501266,2,0.1,5.6,mandatory
1082604,1,0.1,5.6,mandatory
1082604,2,0.1,5.6,mandatory
1422135,1,0.1,5.6,mandatory
1422135,2,0.1,5.6,mandatory
598054,1,0.1,5.6,mandatory
598054,2,0.1,5.6,mandatory
1527686,1,0.1,3.2,mandatory
1527686,2,0.1,3.2,mandatory
1359539,1,0.1,5.6,mandatory
1359539,2,0.1,5.6,mandatory
1254069,1,0.1,5.6,mandatory
1254069,2,0.1,5.6,mandatory
1359493,1,0.1,5.7,mandatory
1359493,2,0.1,5.6,mandatory
392229,1,0.1,5.6,mandatory
392229,2,0.1,5.6,mandatory
1254086,1,0.1,5.6,mandatory
1254086,2,0.1,5.6,mandatory
1136616,1,0.1,5.6,mandatory
1136616,2,0.1,5.6,mandatory
501231,1,0.1,5.6,mandatory
501231,2,0.1,5.6,mandatory
1473478,1,0.1,5.6,mandatory
1473478,2,0.1,5.6,mandatory
1136568,1,0.1,5.6,mandatory
1136568,2,0.1,5.6,mandatory
419133,1,0.1,5.8,mandatory
419133,2,0.1,5.6,mandatory
598003,1,0.1,5.6,mandatory
598003,2,0.1,5.6,mandatory
1216534,1,0.1,5.6,mandatory
1216534,2,0.1,5.6,mandatory
829741,1,0.1,5.6,mandatory
829741,2,0.1,5.6,mandatory
1136587,1,0.1,5.6,mandatory
1136587,2,0.1,5.6,mandatory
1473497,1,0.1,5.6,mandatory
1473497,2,0.1,5.6,mandatory
981009,1,0.1,5.6,mandatory
981009,2,0.1,5.6,mandatory
1175366,1,0.1,5.6,mandatory
1175366,2,0.1,5.6,mandatory
1082595,1,0.1,5.6,mandatory
1082595,2,0.1,5.6,mandatory
1304112,1,0.1,5.6,mandatory
1304112,2,0.1,5.6,mandatory
980927,1,0.1,5.6,mandatory
980927,2,0.1,5.7,mandatory
1304057,1,0.1,5.7,mandatory
1304057,2,0.1,5.6,mandatory
729303,1,0.1,5.6,mandatory
729303,2,0.1,5.6,mandatory
1178411,1,0.1,5.7,mandatory
1178411,2,0.1,5.6,mandatory
1529270,1,0.1,5.6,mandatory
1529270,2,0.1,5.7,mandatory
548360,1,0.1,5.6,mandatory
548360,2,0.1,5.6,mandatory
1422119,1,0.1,5.6,mandatory
1422119,2,0.1,5.6,mandatory
1082628,1,0.1,5.6,mandatory
1082628,2,0.1,5.6,mandatory
419148,1,0.1,5.7,mandatory
419148,2,0.1,5.6,mandatory
829805,1,0.1,5.8,mandatory
829805,2,0.1,5.7,mandatory
1254100,1,0.1,5.6,mandatory
1254100,2,0.1,5.6,mandatory
392205,1,0.1,5.6,mandatory
392205,2,0.1,5.7,mandatory
1426273,1,0.1,5.6,mandatory
1426273,2,0.1,5.7,mandatory
1359515,1,0.1,5.7,mandatory
1359515,2,0.1,5.6,mandatory
1473511,1,0.1,5.6,mandatory
1473511,2,0.1,5.6,mandatory
1216518,1,0.1,5.6,mandatory
1216518,2,0.1,5.7,mandatory
548337,1,0.1,5.6,mandatory
548337,2,0.1,5.6,mandatory
392194,1,0.1,5.7,mandatory
392194,2,0.1,5.6,mandatory
1473454,1,0.1,5.6,mandatory
1473454,2,0.1,5.6,mandatory
729285,1,0.1,5.6,mandatory
729285,2,0.1,5.6,mandatory
1304094,1,0.1,5.7,mandatory
1304094,2,0.1,5.7,mandatory
1359542,1,0.1,5.6,mandatory
1359542,2,0.1,5.6,mandatory
548321,1,0.1,5.6,mandatory
548321,2,0.1,5.6,mandatory
598039,1,0.1,5.6,mandatory
598039,2,0.1,5.6,mandatory
1473507,1,0.1,5.7,mandatory
1473507,2,0.1,5.6,mandatory
1473442,1,0.1,5.6,mandatory
1473442,2,0.1,5.7,mandatory
392182,1,0.1,5.6,mandatory
392182,2,0.1,5.6,mandatory
419109,1,0.1,5.6,mandatory
419109,2,0.1,5.6,mandatory
729293,1,0.1,5.6,mandatory
729293,2,0.1,5.6,mandatory
1304082,1,0.1,5.7,mandatory
1304082,2,0.1,5.6,mandatory
548376,1,0.1,5.6,mandatory
548376,2,0.1,5.6,mandatory
336026,1,0.1,5.6,mandatory
336026,2,0.1,5.6,mandatory
1254116,1,0.1,5.6,mandatory
1254116,2,0.1,5.6,mandatory
829813,1,0.1,5.6,mandatory
829813,2,0.1,1.1,mandatory
734049,1,0.1,5.6,mandatory
734049,2,0.1,5.6,mandatory
1359503,1,0.1,5.6,mandatory
1359503,2,0.1,5.6,mandatory
1426265,1,0.1,5.6,mandatory
1426265,2,0.1,5.6,mandatory
392213,1,0.1,5.7,mandatory
392213,2,0.1,5.6,mandatory
1254117,1,0.1,5.7,mandatory
1254117,2,0.1,5.6,mandatory
1426264,1,0.1,5.6,mandatory
1426264,2,0.1,5.7,mandatory
1359502,1,0.1,5.6,mandatory
1359502,2,0.1,5.7,mandatory
392212,1,0.1,5.6,mandatory
392212,2,0.1,5.6,mandatory
548377,1,0.1,5.6,mandatory
548377,2,0.1,5.6,mandatory
336027,1,0.1,5.6,mandatory
336027,2,0.1,5.6,mandatory
1304083,1,0.1,5.6,mandatory
1304083,2,0.1,5.6,mandatory
548320,1,0.1,5.6,mandatory
548320,2,0.1,5.6,mandatory
598038,1,0.1,5.6,mandatory
598038,2,0.1,5.6,mandatory
1473506,1,0.1,5.7,mandatory
1473506,2,0.1,5.6,mandatory
829795,1,0.1,5.6,mandatory
829795,2,0.1,5.6,mandatory
1473443,1,0.1,5.6,mandatory
1473443,2,0.1,5.6,mandatory
392183,1,0.1,2.6,mandatory
392183,2,0.1,1.7,mandatory
419108,1,0.1,5.7,mandatory
419108,2,0.1,5.6,mandatory
734009,1,0.1,5.6,mandatory
734009,2,0.1,5.7,mandatory
1304095,1,0.1,5.6,mandatory
1304095,2,0.1,5.6,mandatory
1359543,1,0.1,5.6,mandatory
1359543,2,0.1,5.7,mandatory
1473510,1,0.1,5.7,mandatory
1473510,2,0.1,5.6,mandatory
1216519,1,0.1,5.6,mandatory
1216519,2,0.1,5.6,mandatory
548336,1,0.1,5.6,mandatory
548336,2,0.1,5.6,mandatory
392195,1,0.1,5.9,mandatory
392195,2,0.1,5.6,mandatory
1473455,1,0.1,5.6,mandatory
1473455,2,0.1,5.6,mandatory
829783,1,0.1,5.6,mandatory
829783,2,0.1,5.6,mandatory
1254101,1,0.1,5.6,mandatory
1254101,2,0.1,5.6,mandatory
392204,1,0.1,5.6,mandatory
392204,2,0.1,5.6,mandatory
1359514,1,0.1,5.6,mandatory
1359514,2,0.1,5.6,mandatory
1426272,1,0.1,5.6,mandatory
1426272,2,0.1,5.6,mandatory
548361,1,0.1,5.6,mandatory
548361,2,0.1,5.6,mandatory
1082629,1,0.1,5.6,mandatory
1082629,2,0.1,5.6,mandatory
336031,1,0.1,5.7,mandatory
336031,2,0.1,5.6,mandatory
419149,1,0.1,5.6,mandatory
419149,2,0.1,5.6,mandatory
1175367,1,0.1,5.6,mandatory
1175367,2,0.1,5.7,mandatory
1082594,1,0.1,5.6,mandatory
1082594,2,0.1,5.6,mandatory
1304113,1,0.1,5.6,mandatory
1304113,2,0.1,5.6,mandatory
734025,1,0.1,5.7,mandatory
734025,2,0.1,5.6,mandatory
1304056,1,0.1,5.6,mandatory
1304056,2,0.1,5.6,mandatory
1178410,1,0.1,5.6,mandatory
1178410,2,0.1,5.6,mandatory
1529271,1,0.1,5.1,mandatory
1529271,2,0.1,5.6,mandatory
501230,1,0.1,5.6,mandatory
501230,2,0.1,5.7,mandatory
1136569,1,0.1,5.6,mandatory
1136569,2,0.1,5.6,mandatory
1473479,1,0.1,5.6,mandatory
1473479,2,0.1,5.6,mandatory
733975,1,0.1,5.6,mandatory
733975,2,0.1,5.6,mandatory
419132,1,0.1,5.7,mandatory
419132,2,0.1,5.7,mandatory
598002,1,0.1,5.6,mandatory
598002,2,0.1,5.6,mandatory
1216535,1,0.1,5.6,mandatory
1216535,2,0.1,5.6,mandatory
1136586,1,0.1,5.6,mandatory
1136586,2,0.1,5.6,mandatory
1527687,1,0.1,5.6,mandatory
1527687,2,0.1,5.6,mandatory
1254068,1,0.1,5.6,mandatory
1254068,2,0.1,5.6,mandatory
1359538,1,0.1,5.6,mandatory
1359538,2,0.1,5.6,mandatory
1359492,1,0.1,5.7,mandatory
1359492,2,0.1,5.6,mandatory
392228,1,0.1,5.6,mandatory
392228,2,0.1,5.6,mandatory
1254087,1,0.1,5.6,mandatory
1254087,2,0.1,5.6,mandatory
1136617,1,0.1,5.6,mandatory
1136617,2,0.1,5.6,mandatory
980971,1,0.1,5.6,mandatory
980971,2,0.1,5.6,mandatory
419165,1,0.1,5.7,mandatory
419165,2,0.1,5.7,mandatory
501267,1,0.1,5.6,mandatory
501267,2,0.1,5.7,mandatory
1082605,1,0.1,5.6,mandatory
1082605,2,0.1,5.6,mandatory
1422134,1,0.1,5.6,mandatory
1422134,2,0.1,5.7,mandatory
829717,1,0.1,5.7,mandatory
829717,2,0.1,5.6,mandatory
598055,1,0.1,5.6,mandatory
598055,2,0.1,5.6,mandatory
1359484,1,0.1,5.6,mandatory
1359484,2,0.1,5.6,mandatory
1527691,1,0.1,5.6,mandatory
1527691,2,0.1,5.6,mandatory
980967,1,0.1,5.6,mandatory
980967,2,0.1,5.6,mandatory
1136601,1,0.1,5.6,mandatory
1136601,2,0.1,5.6,mandatory
1254091,1,0.1,5.6,mandatory
1254091,2,0.1,5.6,mandatory
1082613,1,0.1,5.6,mandatory
1082613,2,0.1,5.6,mandatory
501271,1,0.1,5.6,mandatory
501271,2,0.1,5.6,mandatory
1473438,1,0.1,5.6,mandatory
1473438,2,0.1,5.6,mandatory
598043,1,0.1,5.8,mandatory
598043,2,0.1,5.7,mandatory
1422122,1,0.1,5.6,mandatory
1422122,2,0.1,5.7,mandatory
734033,1,0.1,5.6,mandatory
734033,2,0.1,5.6,mandatory
1304105,1,0.1,5.6,mandatory
1304105,2,0.1,5.6,mandatory
1529288,1,0.1,5.6,mandatory
1529288,2,0.1,5.7,mandatory
1175371,1,0.1,5.6,mandatory
1175371,2,0.1,5.6,mandatory
1529267,1,0.1,5.6,mandatory
1529267,2,0.1,5.6,mandatory
1178406,1,0.1,5.6,mandatory
1178406,2,0.1,5.6,mandatory
419124,1,0.1,5.7,mandatory
419124,2,0.1,5.7,mandatory
501226,1,0.1,5.6,mandatory
501226,2,0.1,5.6,mandatory
1082644,1,0.1,5.6,mandatory
1082644,2,0.1,5.6,mandatory
1136590,1,0.1,5.6,mandatory
1136590,2,0.1,5.6,mandatory
1473480,1,0.1,5.6,mandatory
1473480,2,0.1,5.6,mandatory
1216523,1,0.1,5.6,mandatory
1216523,2,0.1,5.6,mandatory
598014,1,0.1,5.6,mandatory
598014,2,0.1,5.6,mandatory
598063,1,0.1,5.7,mandatory
598063,2,0.1,5.6,mandatory
829721,1,0.1,5.6,mandatory
829721,2,0.1,5.6,mandatory
1082633,1,0.1,5.6,mandatory
1082633,2,0.1,5.6,mandatory
501251,1,0.1,5.6,mandatory
501251,2,0.1,5.6,mandatory
419153,1,0.1,5.6,mandatory
419153,2,0.1,5.6,mandatory
980947,1,0.1,5.6,mandatory
980947,2,0.1,5.6,mandatory
1426287,1,0.1,5.6,mandatory
1426287,2,0.1,5.6,mandatory
1426268,1,0.1,5.6,mandatory
1426268,2,0.1,5.6,mandatory
1216503,1,0.1,5.6,mandatory
1216503,2,0.1,5.6,mandatory
598034,1,0.1,5.6,mandatory
598034,2,0.1,5.6,mandatory
829799,1,0.1,5.6,mandatory
829799,2,0.1,5.6,mandatory
501206,1,0.1,5.6,mandatory
501206,2,0.1,5.6,mandatory
1178426,1,0.1,5.6,mandatory
1178426,2,0.1,5.6,mandatory
1304060,1,0.1,5.6,mandatory
1304060,2,0.1,5.6,mandatory
734013,1,0.1,5.6,mandatory
734013,2,0.1,5.6,mandatory
1529302,1,0.1,5.6,mandatory
1529302,2,0.1,5.6,mandatory
1237177,1,0.1,5.6,mandatory
1237177,2,0.1,5.6,mandatory
598022,1,0.1,5.6,mandatory
598022,2,0.1,5.6,mandatory
1216515,1,0.1,5.6,mandatory
1216515,2,0.1,5.7,mandatory
501210,1,0.1,5.6,mandatory
501210,2,0.1,5.8,mandatory
1473459,1,0.1,5.7,mandatory
1473459,2,0.1,5.7,mandatory
392199,1,0.1,5.6,mandatory
392199,2,0.1,5.6,mandatory
419112,1,0.1,5.6,mandatory
419112,2,0.1,5.6,mandatory
335996,1,0.1,5.6,mandatory
335996,2,0.1,5.6,mandatory
1304076,1,0.1,5.6,mandatory
1304076,2,0.1,5.6,mandatory
1178430,1,0.1,5.6,mandatory
1178430,2,0.1,5.8,mandatory
1304099,1,0.1,5.6,mandatory
1304099,2,0.1,5.6,mandatory
734005,1,0.1,5.6,mandatory
734005,2,0.1,5.6,mandatory
829737,1,0.1,5.6,mandatory
829737,2,0.1,5.1,mandatory
1216542,1,0.1,5.6,mandatory
1216542,2,0.1,5.6,mandatory
419145,1,0.1,5.6,mandatory
419145,2,0.1,5.6,mandatory
501247,1,0.1,5.6,mandatory
501247,2,0.1,5.6,mandatory
1082625,1,0.1,5.6,mandatory
1082625,2,0.1,5.6,mandatory
1426291,1,0.1,5.6,mandatory
1426291,2,0.1,5.6,mandatory
980951,1,0.1,5.6,mandatory
980951,2,0.1,5.6,mandatory
1359518,1,0.1,5.6,mandatory
1359518,2,0.1,5.6,mandatory
392208,1,0.1,5.6,mandatory
392208,2,0.1,5.6,mandatory
733979,1,0.1,5.6,mandatory
733979,2,0.1,5.6,mandatory
1473475,1,0.1,5.6,mandatory
1473475,2,0.1,5.6,mandatory
1136565,1,0.1,5.6,mandatory
1136565,2,0.1,5.6,mandatory
1216539,1,0.1,5.6,mandatory
1216539,2,0.1,5.7,mandatory
1216493,1,0.1,5.6,mandatory
1216493,2,0.1,5.6,mandatory
1535462,1,0.1,5.6,mandatory
1535462,2,0.1,5.6,mandatory
548316,1,0.1,5.6,mandatory
548316,2,0.1,5.6,mandatory
734029,1,0.1,5.6,mandatory
734029,2,0.1,5.7,mandatory
1082598,1,0.1,5.6,mandatory
1082598,2,0.1,5.6,mandatory
1529292,1,0.1,5.6,mandatory
1529292,2,0.1,5.7,mandatory
1082609,1,0.1,5.6,mandatory
1082609,2,0.1,5.7,mandatory
336011,1,0.1,5.6,mandatory
336011,2,0.1,5.6,mandatory
548341,1,0.1,5.6,mandatory
548341,2,0.1,5.6,mandatory
598059,1,0.1,5.6,mandatory
598059,2,0.1,5.6,mandatory
1422138,1,0.1,5.6,mandatory
1422138,2,0.1,5.7,mandatory
392224,1,0.1,5.6,mandatory
392224,2,0.1,5.6,mandatory
1359534,1,0.1,5.7,mandatory
1359534,2,0.1,5.6,mandatory
1254064,1,0.1,5.6,mandatory
1254064,2,0.1,5.6,mandatory
336007,1,0.1,5.7,mandatory
336007,2,0.1,5.6,mandatory
548357,1,0.1,5.6,mandatory
548357,2,0.1,5.6,mandatory
1254072,1,0.1,5.7,mandatory
1254072,2,0.1,5.6,mandatory
1359522,1,0.1,5.6,mandatory
1359522,2,0.1,5.7,mandatory
1359488,1,0.1,5.6,mandatory
1359488,2,0.1,5.6,mandatory
392232,1,0.1,5.6,mandatory
392232,2,0.1,5.6,mandatory
1082648,1,0.1,5.6,mandatory
1082648,2,0.1,1.7,mandatory
1136573,1,0.1,5.6,mandatory
1136573,2,0.1,5.6,mandatory
1473463,1,0.1,5.6,mandatory
1473463,2,0.1,5.7,mandatory
419128,1,0.1,5.6,mandatory
419128,2,0.1,5.7,mandatory
598018,1,0.1,5.6,mandatory
598018,2,0.1,5.6,mandatory
1529284,1,0.1,5.6,mandatory
1529284,2,0.1,5.6,mandatory
1304109,1,0.1,5.7,mandatory
1304109,2,0.1,5.6,mandatory
1312198,1,0.1,5.6,mandatory
1312198,2,0.1,5.6,mandatory
1136578,1,0.1,5.7,mandatory
1136578,2,0.1,5.6,mandatory
1473468,1,0.1,5.6,mandatory
1473468,2,0.1,5.6,mandatory
1082643,1,0.1,5.6,mandatory
1082643,2,0.1,5.6,mandatory
501221,1,0.1,5.7,mandatory
501221,2,0.1,5.6,mandatory
419123,1,0.1,5.6,mandatory
419123,2,0.1,5.6,mandatory
1216524,1,0.1,5.6,mandatory
1216524,2,0.1,5.6,mandatory
1178397,1,0.1,5.6,mandatory
1178397,2,0.1,5.6,mandatory
598013,1,0.1,5.6,mandatory
598013,2,0.1,5.7,mandatory
829751,1,0.1,5.6,mandatory
829751,2,0.1,5.7,mandatory
1473487,1,0.1,5.6,mandatory
1473487,2,0.1,5.6,mandatory
981019,1,0.1,5.7,mandatory
981019,2,0.1,5.6,mandatory
1136597,1,0.1,5.6,mandatory
1136597,2,0.1,5.7,mandatory
1304102,1,0.1,5.6,mandatory
1304102,2,0.1,5.7,mandatory
1304047,1,0.1,5.6,mandatory
1304047,2,0.1,5.6,mandatory
980937,1,0.1,5.6,mandatory
980937,2,0.1,5.7,mandatory
1178401,1,0.1,5.6,mandatory
1178401,2,0.1,5.6,mandatory
729313,1,0.1,5.6,mandatory
729313,2,0.1,5.6,mandatory
1082614,1,0.1,5.6,mandatory
1082614,2,0.1,5.7,mandatory
1422125,1,0.1,5.6,mandatory
1422125,2,0.1,5.6,mandatory
598044,1,0.1,5.6,mandatory
598044,2,0.1,5.7,mandatory
1359483,1,0.1,5.6,mandatory
1359483,2,0.1,5.6,mandatory
392239,1,0.1,5.6,mandatory
392239,2,0.1,5.6,mandatory
1254079,1,0.1,5.6,mandatory
1254079,2,0.1,5.6,mandatory
1359529,1,0.1,5.6,mandatory
1359529,2,0.1,5.6,mandatory
1370351,1,0.1,5.6,mandatory
1370351,2,0.1,5.7,mandatory
1254096,1,0.1,5.7,mandatory
1254096,2,0.1,5.7,mandatory
1136606,1,0.1,5.7,mandatory
1136606,2,0.1,5.6,mandatory
1527679,1,0.1,5.7,mandatory
1527679,2,0.1,5.9,mandatory
1082602,1,0.1,5.6,mandatory
1082602,2,0.1,5.6,mandatory
501260,1,0.1,5.6,mandatory
501260,2,0.1,5.6,mandatory
419162,1,0.1,5.6,mandatory
419162,2,0.1,5.6,mandatory
598052,1,0.1,5.6,mandatory
598052,2,0.1,5.6,mandatory
1422133,1,0.1,5.6,mandatory
1422133,2,0.1,5.6,mandatory
1359495,1,0.1,5.6,mandatory
1359495,2,0.1,5.6,mandatory
980999,1,0.1,4.6,mandatory
980999,2,0.1,4.8,mandatory
1527680,1,0.1,5.7,mandatory
1527680,2,0.1,5.6,mandatory
1136610,1,0.1,5.6,mandatory
1136610,2,0.1,5.6,mandatory
1254080,1,0.1,5.6,mandatory
1254080,2,0.1,5.6,mandatory
419135,1,0.1,5.6,mandatory
419135,2,0.1,5.6,mandatory
501237,1,0.1,5.6,mandatory
501237,2,0.1,5.6,mandatory
1136581,1,0.1,5.6,mandatory
1136581,2,0.1,5.6,mandatory
1473491,1,0.1,5.6,mandatory
1473491,2,0.1,5.7,mandatory
829747,1,0.1,5.6,mandatory
829747,2,0.1,5.6,mandatory
598005,1,0.1,5.6,mandatory
598005,2,0.1,5.6,mandatory
1216498,1,0.1,5.6,mandatory
1216498,2,0.1,5.6,mandatory
1216532,1,0.1,5.6,mandatory
1216532,2,0.1,5.6,mandatory
1082593,1,0.1,5.6,mandatory
1082593,2,0.1,5.6,mandatory
1304114,1,0.1,5.6,mandatory
1304114,2,0.1,5.6,mandatory
1175360,1,0.1,5.6,mandatory
1175360,2,0.1,5.6,mandatory
1529299,1,0.1,5.6,mandatory
1529299,2,0.1,5.6,mandatory
1529276,1,0.1,5.6,mandatory
1529276,2,0.1,5.8,mandatory
729305,1,0.1,5.7,mandatory
729305,2,0.1,5.7,mandatory
1178417,1,0.1,5.6,mandatory
1178417,2,0.1,5.6,mandatory
980921,1,0.1,5.6,mandatory
980921,2,0.1,5.6,mandatory
1304051,1,0.1,5.7,mandatory
1304051,2,0.1,5.6,mandatory
548366,1,0.1,5.6,mandatory
548366,2,0.1,5.6,mandatory
336036,1,0.1,5.6,mandatory
336036,2,0.1,5.7,mandatory
829803,1,0.1,2.6,mandatory
829803,2,0.1,2.6,mandatory
1254106,1,0.1,5.6,mandatory
1254106,2,0.1,5.6,mandatory
392203,1,0.1,5.6,mandatory
392203,2,0.1,5.6,mandatory
1426275,1,0.1,5.6,mandatory
1426275,2,0.1,5.6,mandatory
1359513,1,0.1,5.6,mandatory
1359513,2,0.1,5.6,mandatory
548331,1,0.1,5.6,mandatory
548331,2,0.1,5.6,mandatory
598029,1,0.1,5.6,mandatory
598029,2,0.1,5.6,mandatory
1473452,1,0.1,5.6,mandatory
1473452,2,0.1,5.6,mandatory
419119,1,0.1,5.6,mandatory
419119,2,0.1,5.6,mandatory
1181767,1,0.1,5.6,mandatory
1181767,2,0.1,5.6,mandatory
392192,1,0.1,5.7,mandatory
392192,2,0.1,5.8,mandatory
729283,1,0.1,5.6,mandatory
729283,2,0.1,5.8,mandatory
1359544,1,0.1,5.6,mandatory
1359544,2,0.1,5.6,mandatory
1304092,1,0.1,5.6,mandatory
1304092,2,0.1,5.6,mandatory
1473501,1,0.1,5.6,mandatory
1473501,2,0.1,5.6,mandatory
548327,1,0.1,5.6,mandatory
548327,2,0.1,5.6,mandatory
1216508,1,0.1,5.6,mandatory
1216508,2,0.1,5.6,mandatory
392184,1,0.1,5.7,mandatory
392184,2,0.1,5.6,mandatory
1473444,1,0.1,5.6,mandatory
1473444,2,0.1,5.7,mandatory
729295,1,0.1,5.6,mandatory
729295,2,0.1,5.6,mandatory
1304084,1,0.1,5.6,mandatory
1304084,2,0.1,5.7,mandatory
1529309,1,0.1,5.6,mandatory
1529309,2,0.1,5.6,mandatory
548370,1,0.1,5.6,mandatory
548370,2,0.1,5.6,mandatory
598068,1,0.1,1.7,mandatory
598068,2,0.1,1.6,mandatory
1082638,1,0.1,5.6,mandatory
1082638,2,0.1,5.6,mandatory
336020,1,0.1,5.7,mandatory
336020,2,0.1,5.6,mandatory
419158,1,0.1,5.6,mandatory
419158,2,0.1,5.6,mandatory
1254110,1,0.1,5.6,mandatory
1254110,2,0.1,5.6,mandatory
829815,1,0.1,5.6,mandatory
829815,2,0.1,5.6,mandatory
1359505,1,0.1,5.6,mandatory
1359505,2,0.1,5.6,mandatory
1426263,1,0.1,5.6,mandatory
1426263,2,0.1,5.6,mandatory
392215,1,0.1,5.6,mandatory
392215,2,0.1,5.6,mandatory
1529283,1,0.1,5.6,mandatory
1529283,2,0.1,5.6,mandatory
1473464,1,0.1,5.6,mandatory
1473464,2,0.1,5.7,mandatory
1136574,1,0.1,5.6,mandatory
1136574,2,0.1,5.6,mandatory
981015,1,0.1,5.7,mandatory
981015,2,0.1,5.6,mandatory
548307,1,0.1,3.6,mandatory
548307,2,0.1,3.6,mandatory
733987,1,0.1,5.6,mandatory
733987,2,0.1,5.6,mandatory
1216528,1,0.1,5.6,mandatory
1216528,2,0.1,5.6,mandatory
1359525,1,0.1,5.6,mandatory
1359525,2,0.1,5.6,mandatory
1254075,1,0.1,5.6,mandatory
1254075,2,0.1,5.6,mandatory
392235,1,0.1,5.6,mandatory
392235,2,0.1,5.6,mandatory
980983,1,0.1,5.6,mandatory
980983,2,0.1,5.7,mandatory
1527675,1,0.1,5.6,mandatory
1527675,2,0.1,5.6,mandatory
1426306,1,0.1,5.6,mandatory
1426306,2,0.1,5.6,mandatory
1082618,1,0.1,5.6,mandatory
1082618,2,0.1,5.7,mandatory
336000,1,0.1,5.6,mandatory
336000,2,0.1,5.7,mandatory
548350,1,0.1,5.6,mandatory
548350,2,0.1,5.6,mandatory
598048,1,0.1,5.6,mandatory
598048,2,0.1,5.7,mandatory
1422129,1,0.1,5.6,mandatory
1422129,2,0.1,5.6,mandatory
980995,1,0.1,5.6,mandatory
980995,2,0.1,5.6,mandatory
1359499,1,0.1,5.6,mandatory
1359499,2,0.1,5.6,mandatory
392223,1,0.1,5.6,mandatory
392223,2,0.1,5.7,mandatory
1254063,1,0.1,5.6,mandatory
1254063,2,0.1,5.6,mandatory
1359533,1,0.1,5.6,mandatory
1359533,2,0.1,5.6,mandatory
829823,1,0.1,5.6,mandatory
829823,2,0.1,5.6,mandatory
1426310,1,0.1,5.6,mandatory
1426310,2,0.1,5.6,mandatory
1359476,1,0.1,5.6,mandatory
1359476,2,0.1,5.7,mandatory
336016,1,0.1,5.7,mandatory
336016,2,0.1,5.6,mandatory
548346,1,0.1,5.6,mandatory
548346,2,0.1,5.6,mandatory
1529295,1,0.1,5.6,mandatory
1529295,2,0.1,5.6,mandatory
729309,1,0.1,5.6,mandatory
729309,2,0.1,5.6,mandatory
1136562,1,0.1,5.7,mandatory
1136562,2,0.1,5.6,mandatory
1473472,1,0.1,5.6,mandatory
1473472,2,0.1,5.7,mandatory
419139,1,0.1,5.6,mandatory
419139,2,0.1,5.6,mandatory
733991,1,0.1,5.9,mandatory
733991,2,0.1,5.6,mandatory
548311,1,0.1,5.6,mandatory
548311,2,0.1,5.6,mandatory
1535465,1,0.1,5.6,mandatory
1535465,2,0.1,5.6,mandatory
1216494,1,0.1,5.6,mandatory
1216494,2,0.1,5.6,mandatory
598009,1,0.1,5.6,mandatory
598009,2,0.1,5.6,mandatory
981003,1,0.1,5.6,mandatory
981003,2,0.1,5.6,mandatory
1426296,1,0.1,5.6,mandatory
1426296,2,0.1,5.6,mandatory
1426279,1,0.1,5.6,mandatory
1426279,2,0.1,5.6,mandatory
1216545,1,0.1,5.6,mandatory
1216545,2,0.1,5.6,mandatory
598072,1,0.1,5.6,mandatory
598072,2,0.1,5.6,mandatory
1082622,1,0.1,5.6,mandatory
1082622,2,0.1,5.6,mandatory
501240,1,0.1,5.6,mandatory
501240,2,0.1,5.6,mandatory
419142,1,0.1,5.6,mandatory
419142,2,0.1,5.6,mandatory
980901,1,0.1,5.8,mandatory
980901,2,0.1,5.7,mandatory
1304071,1,0.1,5.6,mandatory
1304071,2,0.1,5.6,mandatory
335991,1,0.1,5.7,mandatory
335991,2,0.1,5.6,mandatory
1529313,1,0.1,5.6,mandatory
1529313,2,0.1,5.6,mandatory
829767,1,0.1,5.7,mandatory
829767,2,0.1,5.6,mandatory
598025,1,0.1,5.6,mandatory
598025,2,0.1,5.6,mandatory
1216512,1,0.1,5.6,mandatory
1216512,2,0.1,5.7,mandatory
419115,1,0.1,5.7,mandatory
419115,2,0.1,5.6,mandatory
1304067,1,0.1,5.6,mandatory
1304067,2,0.1,5.6,mandatory
335987,1,0.1,5.6,mandatory
335987,2,0.1,5.6,mandatory
980917,1,0.1,5.6,mandatory
980917,2,0.1,5.6,mandatory
729299,1,0.1,5.6,mandatory
729299,2,0.1,5.6,mandatory
1178421,1,0.1,5.6,mandatory
1178421,2,0.1,5.6,mandatory
1175356,1,0.1,5.6,mandatory
1175356,2,0.1,5.6,mandatory
1529305,1,0.1,5.7,mandatory
1529305,2,0.1,5.6,mandatory
1304088,1,0.1,5.6,mandatory
1304088,2,0.1,5.6,mandatory
1216504,1,0.1,5.7,mandatory
1216504,2,0.1,5.6,mandatory
598033,1,0.1,5.6,mandatory
598033,2,0.1,5.7,mandatory
829771,1,0.1,2.7,mandatory
829771,2,0.1,2.6,mandatory
1473448,1,0.1,5.6,mandatory
1473448,2,0.1,5.6,mandatory
501201,1,0.1,5.6,mandatory
501201,2,0.1,5.6,mandatory
392188,1,0.1,5.6,mandatory
392188,2,0.1,5.6,mandatory
829819,1,0.1,5.6,mandatory
829819,2,0.1,5.6,mandatory
1426280,1,0.1,5.6,mandatory
1426280,2,0.1,5.6,mandatory
734043,1,0.1,5.6,mandatory
734043,2,0.1,5.7,mandatory
392219,1,0.1,5.7,mandatory
392219,2,0.1,5.6,mandatory
1254059,1,0.1,5.6,mandatory
1254059,2,0.1,5.6,mandatory
1359509,1,0.1,5.6,mandatory
1359509,2,0.1,5.6,mandatory
598064,1,0.1,5.6,mandatory
598064,2,0.1,5.6,mandatory
419154,1,0.1,5.6,mandatory
419154,2,0.1,5.6,mandatory
501256,1,0.1,5.6,mandatory
501256,2,0.1,5.6,mandatory
1082634,1,0.1,5.7,mandatory
1082634,2,0.1,5.6,mandatory
829727,1,0.1,5.6,mandatory
829727,2,0.1,5.6,mandatory
598065,1,0.1,5.6,mandatory
598065,2,0.1,5.6,mandatory
419155,1,0.1,5.6,mandatory
419155,2,0.1,5.6,mandatory
501257,1,0.1,5.6,mandatory
501257,2,0.1,5.7,mandatory
1082635,1,0.1,5.7,mandatory
1082635,2,0.1,5.6,mandatory
1426281,1,0.1,5.6,mandatory
1426281,2,0.1,5.6,mandatory
980941,1,0.1,5.7,mandatory
980941,2,0.1,5.6,mandatory
392218,1,0.1,5.6,mandatory
392218,2,0.1,5.6,mandatory
1359508,1,0.1,5.6,mandatory
1359508,2,0.1,5.6,mandatory
1254058,1,0.1,5.6,mandatory
1254058,2,0.1,5.7,mandatory
1216505,1,0.1,5.6,mandatory
1216505,2,0.1,5.6,mandatory
598032,1,0.1,5.7,mandatory
598032,2,0.1,5.6,mandatory
1473449,1,0.1,5.6,mandatory
1473449,2,0.1,5.7,mandatory
501200,1,0.1,5.7,mandatory
501200,2,0.1,5.6,mandatory
392189,1,0.1,5.6,mandatory
392189,2,0.1,5.7,mandatory
335986,1,0.1,5.6,mandatory
335986,2,0.1,5.6,mandatory
1304066,1,0.1,5.6,mandatory
1304066,2,0.1,5.6,mandatory
1178420,1,0.1,5.6,mandatory
1178420,2,0.1,5.6,mandatory
1529304,1,0.1,5.6,mandatory
1529304,2,0.1,5.6,mandatory
1175357,1,0.1,5.6,mandatory
1175357,2,0.1,5.6,mandatory
734015,1,0.1,5.6,mandatory
734015,2,0.1,5.6,mandatory
1304089,1,0.1,5.6,mandatory
1304089,2,0.1,5.8,mandatory
598024,1,0.1,5.6,mandatory
598024,2,0.1,5.6,mandatory
1216513,1,0.1,5.6,mandatory
1216513,2,0.1,5.6,mandatory
419114,1,0.1,5.6,mandatory
419114,2,0.1,5.6,mandatory
501216,1,0.1,5.6,mandatory
501216,2,0.1,5.6,mandatory
829789,1,0.1,5.6,mandatory
829789,2,0.1,5.6,mandatory
335990,1,0.1,5.7,mandatory
335990,2,0.1,5.6,mandatory
1304070,1,0.1,5.7,mandatory
1304070,2,0.1,5.6,mandatory
734003,1,0.1,5.6,mandatory
734003,2,0.1,5.6,mandatory
1529312,1,0.1,5.6,mandatory
1529312,2,0.1,5.7,mandatory
1216544,1,0.1,5.6,mandatory
1216544,2,0.1,5.6,mandatory
598073,1,0.1,5.6,mandatory
598073,2,0.1,5.6,mandatory
829731,1,0.1,5.7,mandatory
829731,2,0.1,5.6,mandatory
1082623,1,0.1,5.6,mandatory
1082623,2,0.1,5.6,mandatory
501241,1,0.1,5.7,mandatory
501241,2,0.1,5.8,mandatory
419143,1,0.1,5.7,mandatory
419143,2,0.1,5.6,mandatory
980957,1,0.1,5.6,mandatory
980957,2,0.1,5.6,mandatory
1426297,1,0.1,5.6,mandatory
1426297,2,0.1,5.8,mandatory
1426278,1,0.1,5.6,mandatory
1426278,2,0.1,5.6,mandatory
1473473,1,0.1,5.6,mandatory
1473473,2,0.1,5.6,mandatory
1136563,1,0.1,5.6,mandatory
1136563,2,0.1,5.7,mandatory
336040,1,0.1,5.6,mandatory
336040,2,0.1,5.6,mandatory
419138,1,0.1,5.6,mandatory
419138,2,0.1,5.6,mandatory
1535464,1,0.1,5.6,mandatory
1535464,2,0.1,5.6,mandatory
548310,1,0.1,5.6,mandatory
548310,2,0.1,5.6,mandatory
598008,1,0.1,5.7,mandatory
598008,2,0.1,5.7,mandatory
1216495,1,0.1,5.6,mandatory
1216495,2,0.1,5.7,mandatory
1529294,1,0.1,5.6,mandatory
1529294,2,0.1,5.6,mandatory
336017,1,0.1,5.8,mandatory
336017,2,0.1,5.6,mandatory
548347,1,0.1,5.6,mandatory
548347,2,0.1,5.9,mandatory
1359498,1,0.1,5.6,mandatory
1359498,2,0.1,5.6,mandatory
392222,1,0.1,5.6,mandatory
392222,2,0.1,5.6,mandatory
1359532,1,0.1,5.6,mandatory
1359532,2,0.1,5.6,mandatory
1254062,1,0.1,5.6,mandatory
1254062,2,0.1,5.6,mandatory
1359477,1,0.1,5.6,mandatory
1359477,2,0.1,5.6,mandatory
1426311,1,0.1,5.6,mandatory
1426311,2,0.1,5.6,mandatory
336001,1,0.1,5.6,mandatory
336001,2,0.1,5.6,mandatory
548351,1,0.1,5.6,mandatory
548351,2,0.1,5.6,mandatory
598049,1,0.1,5.6,mandatory
598049,2,0.1,5.6,mandatory
1422128,1,0.1,5.6,mandatory
1422128,2,0.1,5.6,mandatory
1254074,1,0.1,5.6,mandatory
1254074,2,0.1,5.6,mandatory
1359524,1,0.1,5.6,mandatory
1359524,2,0.1,5.6,mandatory
392234,1,0.1,5.6,mandatory
392234,2,0.1,5.6,mandatory
1527674,1,0.1,5.6,mandatory
1527674,2,0.1,5.6,mandatory
1426307,1,0.1,5.6,mandatory
1426307,2,0.1,5.7,mandatory
1136575,1,0.1,5.6,mandatory
1136575,2,0.1,5.6,mandatory
1473465,1,0.1,5.6,mandatory
1473465,2,0.1,5.7,mandatory
548306,1,0.1,5.6,mandatory
548306,2,0.1,5.6,mandatory
1216529,1,0.1,5.6,mandatory
1216529,2,0.1,5.6,mandatory
734039,1,0.1,5.6,mandatory
734039,2,0.1,5.6,mandatory
1529282,1,0.1,5.6,mandatory
1529282,2,0.1,5.6,mandatory
1254111,1,0.1,5.6,mandatory
1254111,2,0.1,5.6,mandatory
1426262,1,0.1,5.6,mandatory
1426262,2,0.1,5.6,mandatory
1359504,1,0.1,5.6,mandatory
1359504,2,0.1,5.6,mandatory
392214,1,0.1,5.6,mandatory
392214,2,0.1,4.6,mandatory
548371,1,0.1,5.6,mandatory
548371,2,0.1,5.6,mandatory
598069,1,0.1,5.8,mandatory
598069,2,0.1,5.6,mandatory
336021,1,0.1,5.7,mandatory
336021,2,0.1,5.4,mandatory
1082639,1,0.1,5.6,mandatory
1082639,2,0.1,5.6,mandatory
419159,1,0.1,5.6,mandatory
419159,2,0.1,5.7,mandatory
1304085,1,0.1,5.6,mandatory
1304085,2,0.1,5.6,mandatory
734019,1,0.1,5.7,mandatory
734019,2,0.1,5.7,mandatory
1529308,1,0.1,5.6,mandatory
1529308,2,0.1,5.6,mandatory
1473500,1,0.1,5.6,mandatory
1473500,2,0.1,5.6,mandatory
548326,1,0.1,5.6,mandatory
548326,2,0.1,5.8,mandatory
1216509,1,0.1,5.6,mandatory
1216509,2,0.1,5.6,mandatory
392185,1,0.1,5.6,mandatory
392185,2,0.1,5.6,mandatory
1473445,1,0.1,5.7,mandatory
1473445,2,0.1,5.6,mandatory
829793,1,0.1,5.7,mandatory
829793,2,0.1,5.6,mandatory
1304093,1,0.1,5.6,mandatory
1304093,2,0.1,5.6,mandatory
548330,1,0.1,5.7,mandatory
548330,2,0.1,5.6,mandatory
598028,1,0.1,5.6,mandatory
598028,2,0.1,5.6,mandatory
829785,1,0.1,5.8,mandatory
829785,2,0.1,5.6,mandatory
1473453,1,0.1,5.7,mandatory
1473453,2,0.1,5.6,mandatory
419118,1,0.1,5.6,mandatory
419118,2,0.1,5.6,mandatory
1181766,1,0.1,5.6,mandatory
1181766,2,0.1,5.6,mandatory
1254107,1,0.1,5.6,mandatory
1254107,2,0.1,5.6,mandatory
392202,1,0.1,5.6,mandatory
392202,2,0.1,5.6,mandatory
1359512,1,0.1,5.8,mandatory
1359512,2,0.1,5.6,mandatory
1426274,1,0.1,5.6,mandatory
1426274,2,0.1,5.6,mandatory
548367,1,0.1,5.7,mandatory
548367,2,0.1,5.7,mandatory
336037,1,0.1,5.6,mandatory
336037,2,0.1,5.6,mandatory
1082592,1,0.1,5.6,mandatory
1082592,2,0.1,5.6,mandatory
734023,1,0.1,5.6,mandatory
734023,2,0.1,5.6,mandatory
1304115,1,0.1,5.6,mandatory
1304115,2,0.1,5.6,mandatory
1175361,1,0.1,5.6,mandatory
1175361,2,0.1,5.6,mandatory
1529298,1,0.1,5.6,mandatory
1529298,2,0.1,5.7,mandatory
1529277,1,0.1,5.6,mandatory
1529277,2,0.1,5.6,mandatory
1178416,1,0.1,5.6,mandatory
1178416,2,0.1,5.6,mandatory
1304050,1,0.1,5.7,mandatory
1304050,2,0.1,5.7,mandatory
733973,1,0.1,5.6,mandatory
733973,2,0.1,5.7,mandatory
419134,1,0.1,5.6,mandatory
419134,2,0.1,5.6,mandatory
501236,1,0.1,5.6,mandatory
501236,2,0.1,5.6,mandatory
1473490,1,0.1,5.6,mandatory
1473490,2,0.1,5.6,mandatory
1136580,1,0.1,5.6,mandatory
1136580,2,0.1,5.6,mandatory
1216499,1,0.1,5.6,mandatory
1216499,2,0.1,5.7,mandatory
598004,1,0.1,5.6,mandatory
598004,2,0.1,5.6,mandatory
1216533,1,0.1,5.6,mandatory
1216533,2,0.1,5.6,mandatory
1359494,1,0.1,5.6,mandatory
1359494,2,0.1,5.6,mandatory
1527681,1,0.1,5.6,mandatory
1527681,2,0.1,5.6,mandatory
980977,1,0.1,5.6,mandatory
980977,2,0.1,5.6,mandatory
1136611,1,0.1,5.6,mandatory
1136611,2,0.1,5.6,mandatory
1254081,1,0.1,5.6,mandatory
1254081,2,0.1,5.6,mandatory
1082603,1,0.1,5.6,mandatory
1082603,2,0.1,5.6,mandatory
501261,1,0.1,5.6,mandatory
501261,2,0.1,5.6,mandatory
419163,1,0.1,5.7,mandatory
419163,2,0.1,5.6,mandatory
598053,1,0.1,5.6,mandatory
598053,2,0.1,5.6,mandatory
1422132,1,0.1,5.6,mandatory
1422132,2,0.1,5.6,mandatory
829711,1,0.1,5.6,mandatory
829711,2,0.1,5.6,mandatory
1359482,1,0.1,5.6,mandatory
1359482,2,0.1,5.6,mandatory
392238,1,0.1,5.6,mandatory
392238,2,0.1,5.6,mandatory
1359528,1,0.1,5.6,mandatory
1359528,2,0.1,5.7,mandatory
1254078,1,0.1,5.6,mandatory
1254078,2,0.1,5.6,mandatory
1370350,1,0.1,5.6,mandatory
1370350,2,0.1,5.6,mandatory
1254097,1,0.1,5.7,mandatory
1254097,2,0.1,5.6,mandatory
1136607,1,0.1,5.6,mandatory
1136607,2,0.1,5.6,mandatory
980961,1,0.1,5.6,mandatory
980961,2,0.1,5.6,mandatory
1527678,1,0.1,5.6,mandatory
1527678,2,0.1,5.6,mandatory
1082615,1,0.1,5.6,mandatory
1082615,2,0.1,5.6,mandatory
829707,1,0.1,5.7,mandatory
829707,2,0.1,5.6,mandatory
1422124,1,0.1,5.6,mandatory
1422124,2,0.1,5.6,mandatory
598045,1,0.1,5.6,mandatory
598045,2,0.1,5.6,mandatory
1304103,1,0.1,5.6,mandatory
1304103,2,0.1,5.6,mandatory
734035,1,0.1,5.6,mandatory
734035,2,0.1,5.6,mandatory
1178400,1,0.1,5.6,mandatory
1178400,2,0.1,5.6,mandatory
1473469,1,0.1,5.6,mandatory
1473469,2,0.1,5.7,mandatory
1136579,1,0.1,5.6,mandatory
1136579,2,0.1,5.6,mandatory
1082642,1,0.1,5.6,mandatory
1082642,2,0.1,5.7,mandatory
501220,1,0.1,5.6,mandatory
501220,2,0.1,5.6,mandatory
419122,1,0.1,5.8,mandatory
419122,2,0.1,5.6,mandatory
1216525,1,0.1,5.7,mandatory
1216525,2,0.1,5.6,mandatory
1178396,1,0.1,5.6,mandatory
1178396,2,0.1,5.7,mandatory
598012,1,0.1,5.6,mandatory
598012,2,0.1,5.6,mandatory
1136596,1,0.1,5.6,mandatory
1136596,2,0.1,5.7,mandatory
1473486,1,0.1,5.6,mandatory
1473486,2,0.1,5.6,mandatory
